country_name,sub_region,year,inflation_rate,GDP
Albania,SOUTHERN EUROPE,2012,2.031592684,13.808
Albania,SOUTHERN EUROPE,2013,1.937620802,14.91
Albania,SOUTHERN EUROPE,2014,1.625865044,16.053
Albania,SOUTHERN EUROPE,2015,1.896174026,11.591
Albania,SOUTHERN EUROPE,2016,1.275431684,12.204
Albania,SOUTHERN EUROPE,2017,1.986661332,13.214
Albania,SOUTHERN EUROPE,2018,2.028059631,14.341
Albania,SOUTHERN EUROPE,2019,1.41109079,15.553
Albania,SOUTHERN EUROPE,2020,1.620886617,16.996
Albania,SOUTHERN EUROPE,2021,2.041471631,16.77
Albania,SOUTHERN EUROPE,2022,4.8,18.5
Albania,SOUTHERN EUROPE,2023,2.2,20
Albania,SOUTHERN EUROPE,2024,2.8,21.5
Germany,WESTERN EUROPE,2012,2.008488848,3397.87
Germany,WESTERN EUROPE,2013,1.504723303,3443.06
Germany,WESTERN EUROPE,2014,0.906794,3485.9
Germany,WESTERN EUROPE,2015,0.514426137,3371
Germany,WESTERN EUROPE,2016,0.491747008,3472.51
Germany,WESTERN EUROPE,2017,1.509494851,3595.41
Germany,WESTERN EUROPE,2018,1.732168798,3721.37
Germany,WESTERN EUROPE,2019,1.445659769,3846.7
Germany,WESTERN EUROPE,2020,0.144877926,4004.94
Germany,WESTERN EUROPE,2021,3.066666667,4230.17
Germany,WESTERN EUROPE,2022,8.7,4070
Germany,WESTERN EUROPE,2023,5.8,4050
Germany,WESTERN EUROPE,2024,2.6,4100
Angola,SUB-SAHARAN AFRICA,2012,10.27790492,118.426
Angola,SUB-SAHARAN AFRICA,2013,8.777814293,136.415
Angola,SUB-SAHARAN AFRICA,2014,7.280387304,151.089
Angola,SUB-SAHARAN AFRICA,2015,9.355972155,102.011
Angola,SUB-SAHARAN AFRICA,2016,30.69441508,98.815
Angola,SUB-SAHARAN AFRICA,2017,29.8444799,105.369
Angola,SUB-SAHARAN AFRICA,2018,19.62893797,112.533
Angola,SUB-SAHARAN AFRICA,2019,17.08095414,119.403
Angola,SUB-SAHARAN AFRICA,2020,22.27153925,127.15
Angola,SUB-SAHARAN AFRICA,2021,25.75429488,70.339
Angola,SUB-SAHARAN AFRICA,2022,21.4,106
Angola,SUB-SAHARAN AFRICA,2023,13.6,110
Angola,SUB-SAHARAN AFRICA,2024,22,114
Saudi Arabia,WESTERN ASIA,2012,2.866268875,514.836
Saudi Arabia,WESTERN ASIA,2013,3.532524707,556.532
Saudi Arabia,WESTERN ASIA,2014,2.236290315,601.387
Saudi Arabia,WESTERN ASIA,2015,1.206073222,632.073
Saudi Arabia,WESTERN ASIA,2016,2.068840361,643.234
Saudi Arabia,WESTERN ASIA,2017,-0.83819458,694.517
Saudi Arabia,WESTERN ASIA,2018,2.45814158,749.201
Saudi Arabia,WESTERN ASIA,2019,-2.093333333,799.75
Saudi Arabia,WESTERN ASIA,2020,3.44545826,848.557
Saudi Arabia,WESTERN ASIA,2021,3.063289889,842.588
Saudi Arabia,WESTERN ASIA,2022,2.5,1108
Saudi Arabia,WESTERN ASIA,2023,2.3,1120
Saudi Arabia,WESTERN ASIA,2024,1.9,1150
Algeria,NORTHERN AFRICA,2012,8.891450911,177.83
Algeria,NORTHERN AFRICA,2013,3.25423911,190.432
Algeria,NORTHERN AFRICA,2014,2.916926921,203.449
Algeria,NORTHERN AFRICA,2015,4.784447007,175.077
Algeria,NORTHERN AFRICA,2016,6.397694803,181.71
Algeria,NORTHERN AFRICA,2017,5.59111591,192.256
Algeria,NORTHERN AFRICA,2018,4.269990205,202.179
Algeria,NORTHERN AFRICA,2019,1.951768211,210.906
Algeria,NORTHERN AFRICA,2020,2.415130941,219.16
Algeria,NORTHERN AFRICA,2021,7.226063074,163.812
Algeria,NORTHERN AFRICA,2022,9.3,206
Algeria,NORTHERN AFRICA,2023,8,215
Algeria,NORTHERN AFRICA,2024,7.5,225
Argentina,LATIN AMERICA AND THE CARIBBEAN,2012,0,315.832
Argentina,LATIN AMERICA AND THE CARIBBEAN,2013,0,329.332
Argentina,LATIN AMERICA AND THE CARIBBEAN,2014,0,347.731
Argentina,LATIN AMERICA AND THE CARIBBEAN,2015,0,578.705
Argentina,LATIN AMERICA AND THE CARIBBEAN,2016,0,578.692
Argentina,LATIN AMERICA AND THE CARIBBEAN,2017,0,589.585
Argentina,LATIN AMERICA AND THE CARIBBEAN,2018,0,602.868
Argentina,LATIN AMERICA AND THE CARIBBEAN,2019,0,617.386
Argentina,LATIN AMERICA AND THE CARIBBEAN,2020,0,633.889
Argentina,LATIN AMERICA AND THE CARIBBEAN,2021,0,455.172
Argentina,LATIN AMERICA AND THE CARIBBEAN,2022,94.8,632
Argentina,LATIN AMERICA AND THE CARIBBEAN,2023,211,650
Argentina,LATIN AMERICA AND THE CARIBBEAN,2024,118,670
Armenia,WESTERN ASIA,2012,2.558020078,9.086
Armenia,WESTERN ASIA,2013,5.789667785,9.844
Armenia,WESTERN ASIA,2014,2.981308689,10.821
Armenia,WESTERN ASIA,2015,3.731691193,10.607
Armenia,WESTERN ASIA,2016,-1.403607559,10.672
Armenia,WESTERN ASIA,2017,0.969553269,11.074
Armenia,WESTERN ASIA,2018,2.52023382,11.63
Armenia,WESTERN ASIA,2019,1.443446608,12.273
Armenia,WESTERN ASIA,2020,1.211435778,12.939
Armenia,WESTERN ASIA,2021,7.184836294,13.612
Armenia,WESTERN ASIA,2022,8.6,19
Armenia,WESTERN ASIA,2023,2,20.5
Armenia,WESTERN ASIA,2024,2.5,22
Australia,AUSTRALIA AND NEW ZEALAND,2012,1.762780156,1039.69
Australia,AUSTRALIA AND NEW ZEALAND,2013,2.449888641,1078.91
Australia,AUSTRALIA AND NEW ZEALAND,2014,2.487922705,1125.82
Australia,AUSTRALIA AND NEW ZEALAND,2015,1.508366722,1240.8
Australia,AUSTRALIA AND NEW ZEALAND,2016,1.276990945,1253
Australia,AUSTRALIA AND NEW ZEALAND,2017,1.948647409,1317.16
Australia,AUSTRALIA AND NEW ZEALAND,2018,1.911400944,1381.51
Australia,AUSTRALIA AND NEW ZEALAND,2019,1.610767873,1442.47
Australia,AUSTRALIA AND NEW ZEALAND,2020,0.846905537,1515.7
Australia,AUSTRALIA AND NEW ZEALAND,2021,2.863910422,1610.56
Australia,AUSTRALIA AND NEW ZEALAND,2022,6.6,1550
Australia,AUSTRALIA AND NEW ZEALAND,2023,5,1600
Australia,AUSTRALIA AND NEW ZEALAND,2024,2.4,1650
Austria,WESTERN EUROPE,2012,2.485675622,406.52
Austria,WESTERN EUROPE,2013,2.000156169,417.771
Austria,WESTERN EUROPE,2014,1.60581183,430.611
Austria,WESTERN EUROPE,2015,0.896563335,372.606
Austria,WESTERN EUROPE,2016,0.891591753,386.227
Austria,WESTERN EUROPE,2017,2.081269114,402.793
Austria,WESTERN EUROPE,2018,1.998379814,418.402
Austria,WESTERN EUROPE,2019,1.530895642,433.75
Austria,WESTERN EUROPE,2020,1.381910634,452.657
Austria,WESTERN EUROPE,2021,2.766666667,481.209
Austria,WESTERN EUROPE,2022,8.6,480
Austria,WESTERN EUROPE,2023,7.8,500
Austria,WESTERN EUROPE,2024,3.5,520
Azerbaijan,WESTERN ASIA,2012,1.066213397,58.795
Azerbaijan,WESTERN ASIA,2013,2.415717453,62.867
Azerbaijan,WESTERN ASIA,2014,1.373441815,65.776
Azerbaijan,WESTERN ASIA,2015,4.027685737,63.983
Azerbaijan,WESTERN ASIA,2016,12.44337486,63.602
Azerbaijan,WESTERN ASIA,2017,12.93591842,70.927
Azerbaijan,WESTERN ASIA,2018,2.268546904,74.266
Azerbaijan,WESTERN ASIA,2019,2.610571828,83.996
Azerbaijan,WESTERN ASIA,2020,2.75980947,87.276
Azerbaijan,WESTERN ASIA,2021,6.650299127,52.645
Azerbaijan,WESTERN ASIA,2022,13.9,78
Azerbaijan,WESTERN ASIA,2023,3.9,82
Azerbaijan,WESTERN ASIA,2024,4,86
Bahrain,WESTERN ASIA,2012,2.7573967,24.231
Bahrain,WESTERN ASIA,2013,3.300011569,25.814
Bahrain,WESTERN ASIA,2014,2.647553212,27.165
Bahrain,WESTERN ASIA,2015,1.848627424,30.914
Bahrain,WESTERN ASIA,2016,2.786793476,32.335
Bahrain,WESTERN ASIA,2017,1.386718306,34.318
Bahrain,WESTERN ASIA,2018,2.08766938,36.334
Bahrain,WESTERN ASIA,2019,1.005820047,38.446
Bahrain,WESTERN ASIA,2020,-2.317706293,40.522
Bahrain,WESTERN ASIA,2021,-0.606319385,39.104
Bahrain,WESTERN ASIA,2022,3.5,44
Bahrain,WESTERN ASIA,2023,2.9,46
Bahrain,WESTERN ASIA,2024,2.5,48
Bangladesh,SOUTHERN ASIA,2012,6.217504221,114.717
Bangladesh,SOUTHERN ASIA,2013,7.530406409,123.447
Bangladesh,SOUTHERN ASIA,2014,6.991638892,133.176
Bangladesh,SOUTHERN ASIA,2015,6.19428023,202.333
Bangladesh,SOUTHERN ASIA,2016,5.513525727,218.991
Bangladesh,SOUTHERN ASIA,2017,5.702070157,238.723
Bangladesh,SOUTHERN ASIA,2018,5.543621395,260.874
Bangladesh,SOUTHERN ASIA,2019,5.591996399,285.329
Bangladesh,SOUTHERN ASIA,2020,5.691074747,310.858
Bangladesh,SOUTHERN ASIA,2021,5.545654308,355.689
Bangladesh,SOUTHERN ASIA,2022,7.5,460
Bangladesh,SOUTHERN ASIA,2023,9,480
Bangladesh,SOUTHERN ASIA,2024,8.5,500
Barbados,LATIN AMERICA AND THE CARIBBEAN,2012,4.533347539,4.03
Barbados,LATIN AMERICA AND THE CARIBBEAN,2013,1.81410436,4.23
Barbados,LATIN AMERICA AND THE CARIBBEAN,2014,1.769503221,4.445
Barbados,LATIN AMERICA AND THE CARIBBEAN,2015,-1.112789925,4.451
Barbados,LATIN AMERICA AND THE CARIBBEAN,2016,1.281928131,4.537
Barbados,LATIN AMERICA AND THE CARIBBEAN,2017,4.66018464,4.652
Barbados,LATIN AMERICA AND THE CARIBBEAN,2018,3.673814104,4.805
Barbados,LATIN AMERICA AND THE CARIBBEAN,2019,4.100289645,4.999
Barbados,LATIN AMERICA AND THE CARIBBEAN,2020,0,5.222
Barbados,LATIN AMERICA AND THE CARIBBEAN,2021,0,4.648
Barbados,LATIN AMERICA AND THE CARIBBEAN,2022,5.8,5.5
Barbados,LATIN AMERICA AND THE CARIBBEAN,2023,4.2,5.8
Barbados,LATIN AMERICA AND THE CARIBBEAN,2024,3.9,6.00
Belarus,EASTERN EUROPE,2012,59.21973602,69.146
Belarus,EASTERN EUROPE,2013,18.31226104,79.416
Belarus,EASTERN EUROPE,2014,18.11955435,91.501
Belarus,EASTERN EUROPE,2015,13.53448976,62.02
Belarus,EASTERN EUROPE,2016,11.83658077,66.37
Belarus,EASTERN EUROPE,2017,6.031837252,70.997
Belarus,EASTERN EUROPE,2018,4.872302206,76.023
Belarus,EASTERN EUROPE,2019,5.59815595,82.437
Belarus,EASTERN EUROPE,2020,5.548143575,89.315
Belarus,EASTERN EUROPE,2021,9.460283896,65.754
Belarus,EASTERN EUROPE,2022,17.4,60
Belarus,EASTERN EUROPE,2023,12,62
Belarus,EASTERN EUROPE,2024,10.5,64
Belgium,WESTERN EUROPE,2012,2.839663434,506.004
Belgium,WESTERN EUROPE,2013,1.11309594,520.026
Belgium,WESTERN EUROPE,2014,0.340002833,535.079
Belgium,WESTERN EUROPE,2015,0.561429153,458.651
Belgium,WESTERN EUROPE,2016,1.973852647,473.524
Belgium,WESTERN EUROPE,2017,2.12597086,492.062
Belgium,WESTERN EUROPE,2018,2.053164999,511.491
Belgium,WESTERN EUROPE,2019,1.43681957,531.189
Belgium,WESTERN EUROPE,2020,0.740791812,556.197
Belgium,WESTERN EUROPE,2021,2.440248511,581.848
Belgium,WESTERN EUROPE,2022,9.6,589
Belgium,WESTERN EUROPE,2023,4.1,610
Belgium,WESTERN EUROPE,2024,2.2,630
Benin,SUB-SAHARAN AFRICA,2012,6.744682533,8.007
Benin,SUB-SAHARAN AFRICA,2013,0.428888889,8.713
Benin,SUB-SAHARAN AFRICA,2014,-0.548757551,9.483
Benin,SUB-SAHARAN AFRICA,2015,0.218785924,7.701
Benin,SUB-SAHARAN AFRICA,2016,-0.793310146,8.302
Benin,SUB-SAHARAN AFRICA,2017,0.043264856,9.061
Benin,SUB-SAHARAN AFRICA,2018,0.919170718,9.896
Benin,SUB-SAHARAN AFRICA,2019,0.732849371,10.765
Benin,SUB-SAHARAN AFRICA,2020,3.022721197,11.659
Benin,SUB-SAHARAN AFRICA,2021,1.733539627,18.067
Benin,SUB-SAHARAN AFRICA,2022,1.5,18
Benin,SUB-SAHARAN AFRICA,2023,1.7,19
Benin,SUB-SAHARAN AFRICA,2024,2,20
Bhutan,SOUTHERN ASIA,2012,10.91965694,1.83
Bhutan,SOUTHERN ASIA,2013,8.776383453,1.999
Bhutan,SOUTHERN ASIA,2014,8.271060939,2.174
Bhutan,SOUTHERN ASIA,2015,4.548143951,2.209
Bhutan,SOUTHERN ASIA,2016,3.219886894,2.465
Bhutan,SOUTHERN ASIA,2017,4.95508367,2.748
Bhutan,SOUTHERN ASIA,2018,2.723963862,3.141
Bhutan,SOUTHERN ASIA,2019,2.726430374,3.468
Bhutan,SOUTHERN ASIA,2020,5.629365226,3.798
Bhutan,SOUTHERN ASIA,2021,7.346814405,2.48
Bhutan,SOUTHERN ASIA,2022,5.9,2.5
Bhutan,SOUTHERN ASIA,2023,4.5,2.6
Bhutan,SOUTHERN ASIA,2024,3.8,2.7
Bolivia,LATIN AMERICA AND THE CARIBBEAN,2012,4.515602914,21.809
Bolivia,LATIN AMERICA AND THE CARIBBEAN,2013,5.736400237,23.306
Bolivia,LATIN AMERICA AND THE CARIBBEAN,2014,5.766600746,24.925
Bolivia,LATIN AMERICA AND THE CARIBBEAN,2015,4.059610411,33.537
Bolivia,LATIN AMERICA AND THE CARIBBEAN,2016,3.623214318,35.231
Bolivia,LATIN AMERICA AND THE CARIBBEAN,2017,2.822758055,38.204
Bolivia,LATIN AMERICA AND THE CARIBBEAN,2018,2.272059872,41.429
Bolivia,LATIN AMERICA AND THE CARIBBEAN,2019,1.83954505,44.903
Bolivia,LATIN AMERICA AND THE CARIBBEAN,2020,0.940742153,48.626
Bolivia,LATIN AMERICA AND THE CARIBBEAN,2021,0.737383721,38.547
Bolivia,LATIN AMERICA AND THE CARIBBEAN,2022,1.5,45
Bolivia,LATIN AMERICA AND THE CARIBBEAN,2023,2.1,47
Bolivia,LATIN AMERICA AND THE CARIBBEAN,2024,5.2,49
Bosnia and Herzegovina,SOUTHERN EUROPE,2012,2.05267452,20.424
Bosnia and Herzegovina,SOUTHERN EUROPE,2013,-0.093045684,22.102
Bosnia and Herzegovina,SOUTHERN EUROPE,2014,-0.897194054,23.616
Bosnia and Herzegovina,SOUTHERN EUROPE,2015,-1.036023034,15.568
Bosnia and Herzegovina,SOUTHERN EUROPE,2016,-1.584008333,16.306
Bosnia and Herzegovina,SOUTHERN EUROPE,2017,0.810039425,17.356
Bosnia and Herzegovina,SOUTHERN EUROPE,2018,1.41710814,18.556
Bosnia and Herzegovina,SOUTHERN EUROPE,2019,0.562782154,19.897
Bosnia and Herzegovina,SOUTHERN EUROPE,2020,-1.051296008,21.559
Bosnia and Herzegovina,SOUTHERN EUROPE,2021,1.981639006,21.692
Bosnia and Herzegovina,SOUTHERN EUROPE,2022,14,23
Bosnia and Herzegovina,SOUTHERN EUROPE,2023,6.5,24
Bosnia and Herzegovina,SOUTHERN EUROPE,2024,3.5,25
Botswana,SUB-SAHARAN AFRICA,2012,7.536902611,13.64
Botswana,SUB-SAHARAN AFRICA,2013,5.884607071,14.837
Botswana,SUB-SAHARAN AFRICA,2014,4.402253092,15.032
Botswana,SUB-SAHARAN AFRICA,2015,3.062031696,13.091
Botswana,SUB-SAHARAN AFRICA,2016,2.814957914,13.011
Botswana,SUB-SAHARAN AFRICA,2017,3.308280768,13.843
Botswana,SUB-SAHARAN AFRICA,2018,3.238015589,14.814
Botswana,SUB-SAHARAN AFRICA,2019,2.772864429,16.065
Botswana,SUB-SAHARAN AFRICA,2020,1.890359168,17.456
Botswana,SUB-SAHARAN AFRICA,2021,7.240977656,17.605
Botswana,SUB-SAHARAN AFRICA,2022,12.1,20
Botswana,SUB-SAHARAN AFRICA,2023,7.9,21
Botswana,SUB-SAHARAN AFRICA,2024,4.5,22
Brazil,LATIN AMERICA AND THE CARIBBEAN,2012,5.40349914,1924.29
Brazil,LATIN AMERICA AND THE CARIBBEAN,2013,6.204310666,2036.24
Brazil,LATIN AMERICA AND THE CARIBBEAN,2014,6.329040155,2155.68
Brazil,LATIN AMERICA AND THE CARIBBEAN,2015,9.029901024,1799.61
Brazil,LATIN AMERICA AND THE CARIBBEAN,2016,8.739143523,1672.9
Brazil,LATIN AMERICA AND THE CARIBBEAN,2017,3.44637335,1759.27
Brazil,LATIN AMERICA AND THE CARIBBEAN,2018,3.664850284,1854.68
Brazil,LATIN AMERICA AND THE CARIBBEAN,2019,3.732976212,1953.67
Brazil,LATIN AMERICA AND THE CARIBBEAN,2020,3.211768038,2054.41
Brazil,LATIN AMERICA AND THE CARIBBEAN,2021,8.301659756,1645.84
Brazil,LATIN AMERICA AND THE CARIBBEAN,2022,9.3,1920
Brazil,LATIN AMERICA AND THE CARIBBEAN,2023,4.8,2000
Brazil,LATIN AMERICA AND THE CARIBBEAN,2024,4.5,2100
Bulgaria,EASTERN EUROPE,2012,2.954568298,49.867
Bulgaria,EASTERN EUROPE,2013,0.890093541,53.912
Bulgaria,EASTERN EUROPE,2014,-1.418183803,58.117
Bulgaria,EASTERN EUROPE,2015,-0.104633261,47.167
Bulgaria,EASTERN EUROPE,2016,-0.798649886,48.594
Bulgaria,EASTERN EUROPE,2017,2.061596194,50.73
Bulgaria,EASTERN EUROPE,2018,2.814544738,53.227
Bulgaria,EASTERN EUROPE,2019,3.103729448,56.032
Bulgaria,EASTERN EUROPE,2020,1.672440969,59.506
Bulgaria,EASTERN EUROPE,2021,3.297744353,77.907
Bulgaria,EASTERN EUROPE,2022,13,89
Bulgaria,EASTERN EUROPE,2023,8.5,93
Bulgaria,EASTERN EUROPE,2024,4,97
Burkina Faso,SUB-SAHARAN AFRICA,2012,3.818152403,9.758
Burkina Faso,SUB-SAHARAN AFRICA,2013,0.533738507,10.545
Burkina Faso,SUB-SAHARAN AFRICA,2014,-0.258089518,11.402
Burkina Faso,SUB-SAHARAN AFRICA,2015,0.724838981,11.323
Burkina Faso,SUB-SAHARAN AFRICA,2016,0.441041448,12.239
Burkina Faso,SUB-SAHARAN AFRICA,2017,1.482998972,13.433
Burkina Faso,SUB-SAHARAN AFRICA,2018,1.955943027,14.778
Burkina Faso,SUB-SAHARAN AFRICA,2019,-3.23338934,16.266
Burkina Faso,SUB-SAHARAN AFRICA,2020,1.884439938,18.003
Burkina Faso,SUB-SAHARAN AFRICA,2021,3.653532872,19.932
Burkina Faso,SUB-SAHARAN AFRICA,2022,14.2,20
Burkina Faso,SUB-SAHARAN AFRICA,2023,8,21
Burkina Faso,SUB-SAHARAN AFRICA,2024,6.5,22
Burundi,SUB-SAHARAN AFRICA,2012,18.16104531,1.607
Burundi,SUB-SAHARAN AFRICA,2013,7.937958075,1.714
Burundi,SUB-SAHARAN AFRICA,2014,4.405352342,1.835
Burundi,SUB-SAHARAN AFRICA,2015,5.544688913,2.97
Burundi,SUB-SAHARAN AFRICA,2016,5.557689614,3.247
Burundi,SUB-SAHARAN AFRICA,2017,16.0525353,3.512
Burundi,SUB-SAHARAN AFRICA,2018,-2.814698077,3.825
Burundi,SUB-SAHARAN AFRICA,2019,-0.686772171,4.145
Burundi,SUB-SAHARAN AFRICA,2020,7.321106434,4.489
Burundi,SUB-SAHARAN AFRICA,2021,8.404538451,3.193
Burundi,SUB-SAHARAN AFRICA,2022,18,3.5
Burundi,SUB-SAHARAN AFRICA,2023,12.5,3.7
Burundi,SUB-SAHARAN AFRICA,2024,10,3.9
Cape Verde,SUB-SAHARAN AFRICA,2012,2.540396442,2.243
Cape Verde,SUB-SAHARAN AFRICA,2013,1.506542857,2.459
Cape Verde,SUB-SAHARAN AFRICA,2014,-0.238778145,2.689
Cape Verde,SUB-SAHARAN AFRICA,2015,0.131187999,0
Cape Verde,SUB-SAHARAN AFRICA,2016,-1.407816371,0
Cape Verde,SUB-SAHARAN AFRICA,2017,0.784415251,0
Cape Verde,SUB-SAHARAN AFRICA,2018,1.256995667,0
Cape Verde,SUB-SAHARAN AFRICA,2019,1.106666743,0
Cape Verde,SUB-SAHARAN AFRICA,2020,0.605795808,0
Cape Verde,SUB-SAHARAN AFRICA,2021,1.862152975,0
Cape Verde,SUB-SAHARAN AFRICA,2022,8,2
Cape Verde,SUB-SAHARAN AFRICA,2023,5,2.1
Cape Verde,SUB-SAHARAN AFRICA,2024,4,2.2
Cambodia,SOUTH-EASTERN ASIA,2012,2.934316093,14.434
Cambodia,SOUTH-EASTERN ASIA,2013,2.941625095,15.932
Cambodia,SOUTH-EASTERN ASIA,2014,3.855688614,17.458
Cambodia,SOUTH-EASTERN ASIA,2015,1.223931955,17.714
Cambodia,SOUTH-EASTERN ASIA,2016,3.019139751,19.198
Cambodia,SOUTH-EASTERN ASIA,2017,2.912635574,20.86
Cambodia,SOUTH-EASTERN ASIA,2018,2.459085154,22.765
Cambodia,SOUTH-EASTERN ASIA,2019,1.942575008,24.83
Cambodia,SOUTH-EASTERN ASIA,2020,2.940295143,27.089
Cambodia,SOUTH-EASTERN ASIA,2021,2.920734776,26.08
Cambodia,SOUTH-EASTERN ASIA,2022,5.3,29
Cambodia,SOUTH-EASTERN ASIA,2023,3.2,31
Cambodia,SOUTH-EASTERN ASIA,2024,3,33
Cameroon,SUB-SAHARAN AFRICA,2012,2.735296775,26.232
Cameroon,SUB-SAHARAN AFRICA,2013,2.05034718,27.73
Cameroon,SUB-SAHARAN AFRICA,2014,1.854898504,29.758
Cameroon,SUB-SAHARAN AFRICA,2015,2.676235314,28.524
Cameroon,SUB-SAHARAN AFRICA,2016,0.874190383,30.79
Cameroon,SUB-SAHARAN AFRICA,2017,0.64040915,33.521
Cameroon,SUB-SAHARAN AFRICA,2018,1.068858113,36.458
Cameroon,SUB-SAHARAN AFRICA,2019,2.452802141,39.594
Cameroon,SUB-SAHARAN AFRICA,2020,2.437608822,43.247
Cameroon,SUB-SAHARAN AFRICA,2021,2.271857625,44.806
Cameroon,SUB-SAHARAN AFRICA,2022,6.3,45
Cameroon,SUB-SAHARAN AFRICA,2023,5.5,47
Cameroon,SUB-SAHARAN AFRICA,2024,4.8,49
Canada,NORTHERN AMERICA,2012,1.515678231,1584.48
Canada,NORTHERN AMERICA,2013,0.938291898,1651.52
Canada,NORTHERN AMERICA,2014,1.906635907,1713.41
Canada,NORTHERN AMERICA,2015,1.125241361,1572.78
Canada,NORTHERN AMERICA,2016,1.428759547,1592.35
Canada,NORTHERN AMERICA,2017,1.596884129,1682.37
Canada,NORTHERN AMERICA,2018,2.268225672,1773.8
Canada,NORTHERN AMERICA,2019,1.949269024,1860.06
Canada,NORTHERN AMERICA,2020,0.716999632,1958.15
Canada,NORTHERN AMERICA,2021,3.395193185,2015.98
Canada,NORTHERN AMERICA,2022,6.8,2140
Canada,NORTHERN AMERICA,2023,3.9,2200
Canada,NORTHERN AMERICA,2024,2.6,2300
Chad,SUB-SAHARAN AFRICA,2012,7.516623647,9.112
Chad,SUB-SAHARAN AFRICA,2013,0.222671565,9.046
Chad,SUB-SAHARAN AFRICA,2014,1.681973139,9.205
Chad,SUB-SAHARAN AFRICA,2015,4.377126651,11.688
Chad,SUB-SAHARAN AFRICA,2016,-0.792440525,12.82
Chad,SUB-SAHARAN AFRICA,2017,-1.53709963,14.704
Chad,SUB-SAHARAN AFRICA,2018,4.274621986,15.988
Chad,SUB-SAHARAN AFRICA,2019,-0.971939175,17.44
Chad,SUB-SAHARAN AFRICA,2020,4.464144372,18.547
Chad,SUB-SAHARAN AFRICA,2021,-0.77284437,12.345
Chad,SUB-SAHARAN AFRICA,2022,5.5,13
Chad,SUB-SAHARAN AFRICA,2023,4,14
Chad,SUB-SAHARAN AFRICA,2024,3.5,15
Chile,LATIN AMERICA AND THE CARIBBEAN,2012,3.007448402,169.244
Chile,LATIN AMERICA AND THE CARIBBEAN,2013,1.78955554,179.238
Chile,LATIN AMERICA AND THE CARIBBEAN,2014,4.718675279,183.909
Chile,LATIN AMERICA AND THE CARIBBEAN,2015,4.348773532,240.041
Chile,LATIN AMERICA AND THE CARIBBEAN,2016,3.786193559,240.309
Chile,LATIN AMERICA AND THE CARIBBEAN,2017,2.182718469,250.951
Chile,LATIN AMERICA AND THE CARIBBEAN,2018,2.434889814,262.953
Chile,LATIN AMERICA AND THE CARIBBEAN,2019,2.557544757,276.484
Chile,LATIN AMERICA AND THE CARIBBEAN,2020,3.045490848,292.019
Chile,LATIN AMERICA AND THE CARIBBEAN,2021,4.524568383,331.25
Chile,LATIN AMERICA AND THE CARIBBEAN,2022,11.6,310
Chile,LATIN AMERICA AND THE CARIBBEAN,2023,7.8,320
Chile,LATIN AMERICA AND THE CARIBBEAN,2024,4.2,330
China,EASTERN ASIA,2012,2.619524326,6524.23
China,EASTERN ASIA,2013,2.621050017,7287.76
China,EASTERN ASIA,2014,1.921641628,8283.35
China,EASTERN ASIA,2015,1.437023809,11384.76
China,EASTERN ASIA,2016,2.000001822,12253.98
China,EASTERN ASIA,2017,1.593136001,13173.59
China,EASTERN ASIA,2018,2.0747904,14272.35
China,EASTERN ASIA,2019,2.899234164,15620.71
China,EASTERN ASIA,2020,2.419421895,17100.06
China,EASTERN ASIA,2021,0.981015136,16862.98
China,EASTERN ASIA,2022,2,17960
China,EASTERN ASIA,2023,0.9,18500
China,EASTERN ASIA,2024,1.5,19000
Cyprus,WESTERN ASIA,2012,2.3890541,26.684
Cyprus,WESTERN ASIA,2013,-0.399357676,28.066
Cyprus,WESTERN ASIA,2014,-1.354988854,29.483
Cyprus,WESTERN ASIA,2015,-2.096997691,19.383
Cyprus,WESTERN ASIA,2016,-1.429166667,19.894
Cyprus,WESTERN ASIA,2017,0.531766496,20.767
Cyprus,WESTERN ASIA,2018,1.435491195,21.735
Cyprus,WESTERN ASIA,2019,0.250370997,22.747
Cyprus,WESTERN ASIA,2020,-0.638422798,23.907
Cyprus,WESTERN ASIA,2021,2.446088672,26.546
Cyprus,WESTERN ASIA,2022,8.4,30
Cyprus,WESTERN ASIA,2023,3.5,32
Cyprus,WESTERN ASIA,2024,2,34
Colombia,LATIN AMERICA AND THE CARIBBEAN,2012,3.169301888,279.366
Colombia,LATIN AMERICA AND THE CARIBBEAN,2013,2.016992243,297.363
Colombia,LATIN AMERICA AND THE CARIBBEAN,2014,2.898837878,319.728
Colombia,LATIN AMERICA AND THE CARIBBEAN,2015,4.989831158,274.189
Colombia,LATIN AMERICA AND THE CARIBBEAN,2016,7.513460246,263.476
Colombia,LATIN AMERICA AND THE CARIBBEAN,2017,4.314313257,303.75
Colombia,LATIN AMERICA AND THE CARIBBEAN,2018,3.240569329,339.668
Colombia,LATIN AMERICA AND THE CARIBBEAN,2019,3.523019327,379.025
Colombia,LATIN AMERICA AND THE CARIBBEAN,2020,2.526635001,421.246
Colombia,LATIN AMERICA AND THE CARIBBEAN,2021,3.495057574,300.791
Colombia,LATIN AMERICA AND THE CARIBBEAN,2022,10.2,314
Colombia,LATIN AMERICA AND THE CARIBBEAN,2023,9.2,330
Colombia,LATIN AMERICA AND THE CARIBBEAN,2024,5,345
Comoros,SUB-SAHARAN AFRICA,2012,6.314744503,0.635
Comoros,SUB-SAHARAN AFRICA,2013,-4.294873315,0.682
Comoros,SUB-SAHARAN AFRICA,2014,0,0.733
Comoros,SUB-SAHARAN AFRICA,2015,0,0.589
Comoros,SUB-SAHARAN AFRICA,2016,0,0.625
Comoros,SUB-SAHARAN AFRICA,2017,0,0.668
Comoros,SUB-SAHARAN AFRICA,2018,0,0.717
Comoros,SUB-SAHARAN AFRICA,2019,0,0.769
Comoros,SUB-SAHARAN AFRICA,2020,0,0.834
Comoros,SUB-SAHARAN AFRICA,2021,0,1.281
Comoros,SUB-SAHARAN AFRICA,2022,3,1.3
Comoros,SUB-SAHARAN AFRICA,2023,2.5,1.4
Comoros,SUB-SAHARAN AFRICA,2024,2,1.5
Costa Rica,LATIN AMERICA AND THE CARIBBEAN,2012,4.495453144,34.316
Costa Rica,LATIN AMERICA AND THE CARIBBEAN,2013,5.231336142,36.735
Costa Rica,LATIN AMERICA AND THE CARIBBEAN,2014,4.519200985,38.891
Costa Rica,LATIN AMERICA AND THE CARIBBEAN,2015,0.801982005,51.618
Costa Rica,LATIN AMERICA AND THE CARIBBEAN,2016,-0.017478851,54.977
Costa Rica,LATIN AMERICA AND THE CARIBBEAN,2017,1.62590693,58.787
Costa Rica,LATIN AMERICA AND THE CARIBBEAN,2018,2.221114615,62.963
Costa Rica,LATIN AMERICA AND THE CARIBBEAN,2019,2.096046353,67.209
Costa Rica,LATIN AMERICA AND THE CARIBBEAN,2020,0.724911478,71.816
Costa Rica,LATIN AMERICA AND THE CARIBBEAN,2021,1.726477551,61.46
Costa Rica,LATIN AMERICA AND THE CARIBBEAN,2022,8.3,72
Costa Rica,LATIN AMERICA AND THE CARIBBEAN,2023,5.5,75
Costa Rica,LATIN AMERICA AND THE CARIBBEAN,2024,3.5,78
Croatia,SOUTHERN EUROPE,2012,3.412073491,70.51
Croatia,SOUTHERN EUROPE,2013,2.216582064,74.861
Croatia,SOUTHERN EUROPE,2014,-0.21519616,79.296
Croatia,SOUTHERN EUROPE,2015,-0.464499005,48.932
Croatia,SOUTHERN EUROPE,2016,-1.125,50.04
Croatia,SOUTHERN EUROPE,2017,1.129372103,52.194
Croatia,SOUTHERN EUROPE,2018,1.50012501,54.919
Croatia,SOUTHERN EUROPE,2019,0.771820346,57.948
Croatia,SOUTHERN EUROPE,2020,0.154811375,61.381
Croatia,SOUTHERN EUROPE,2021,2.554506996,63.399
Croatia,SOUTHERN EUROPE,2022,10.7,70
Croatia,SOUTHERN EUROPE,2023,6.6,73
Croatia,SOUTHERN EUROPE,2024,3,76
Denmark,NORTHERN EUROPE,2012,2.397914857,354.901
Denmark,NORTHERN EUROPE,2013,0.78907178,370.892
Denmark,NORTHERN EUROPE,2014,0.56402054,383.979
Denmark,NORTHERN EUROPE,2015,0.452034154,291.043
Denmark,NORTHERN EUROPE,2016,0.25,300.906
Denmark,NORTHERN EUROPE,2017,1.14713217,316.271
Denmark,NORTHERN EUROPE,2018,0.813609467,333.132
Denmark,NORTHERN EUROPE,2019,0.758131573,349.886
Denmark,NORTHERN EUROPE,2020,0.420711974,369.686
Denmark,NORTHERN EUROPE,2021,1.85304544,396.666
Denmark,NORTHERN EUROPE,2022,5.4,405
Denmark,NORTHERN EUROPE,2023,4.1,420
Denmark,NORTHERN EUROPE,2024,1.8,435
Djibouti,SUB-SAHARAN AFRICA,2012,3.731209508,1.466
Djibouti,SUB-SAHARAN AFRICA,2013,2.706032429,1.612
Djibouti,SUB-SAHARAN AFRICA,2014,1.341864943,1.779
Djibouti,SUB-SAHARAN AFRICA,2015,-0.847389734,1.743
Djibouti,SUB-SAHARAN AFRICA,2016,2.738412087,1.93
Djibouti,SUB-SAHARAN AFRICA,2017,0.568112117,2.14
Djibouti,SUB-SAHARAN AFRICA,2018,0.14797085,2.372
Djibouti,SUB-SAHARAN AFRICA,2019,3.319253727,2.614
Djibouti,SUB-SAHARAN AFRICA,2020,1.777407838,2.854
Djibouti,SUB-SAHARAN AFRICA,2021,1.181917753,3.654
Djibouti,SUB-SAHARAN AFRICA,2022,3.2,3.5
Djibouti,SUB-SAHARAN AFRICA,2023,3.3,3.7
Djibouti,SUB-SAHARAN AFRICA,2024,3.5,3.9
Dominica,LATIN AMERICA AND THE CARIBBEAN,2012,1.356771478,0.425
Dominica,LATIN AMERICA AND THE CARIBBEAN,2013,-0.046411647,0.445
Dominica,LATIN AMERICA AND THE CARIBBEAN,2014,0.799250373,0.465
Dominica,LATIN AMERICA AND THE CARIBBEAN,2015,-0.843826985,0.538
Dominica,LATIN AMERICA AND THE CARIBBEAN,2016,0.141816226,0.559
Dominica,LATIN AMERICA AND THE CARIBBEAN,2017,0.296252889,0.577
Dominica,LATIN AMERICA AND THE CARIBBEAN,2018,0.989191119,0.598
Dominica,LATIN AMERICA AND THE CARIBBEAN,2019,1.504623539,0.621
Dominica,LATIN AMERICA AND THE CARIBBEAN,2020,-0.727116413,0.646
Dominica,LATIN AMERICA AND THE CARIBBEAN,2021,1.48319445,0.571
Dominica,LATIN AMERICA AND THE CARIBBEAN,2022,7.8,0.6
Dominica,LATIN AMERICA AND THE CARIBBEAN,2023,3.5,0.65
Dominica,LATIN AMERICA AND THE CARIBBEAN,2024,2.6,0.7
Ecuador,LATIN AMERICA AND THE CARIBBEAN,2012,5.10172181,65.757
Ecuador,LATIN AMERICA AND THE CARIBBEAN,2013,2.721775777,69.463
Ecuador,LATIN AMERICA AND THE CARIBBEAN,2014,3.589220166,73.444
Ecuador,LATIN AMERICA AND THE CARIBBEAN,2015,3.966646233,98.925
Ecuador,LATIN AMERICA AND THE CARIBBEAN,2016,1.728264633,101.698
Ecuador,LATIN AMERICA AND THE CARIBBEAN,2017,0.417335589,104.773
Ecuador,LATIN AMERICA AND THE CARIBBEAN,2018,-0.224103246,108.468
Ecuador,LATIN AMERICA AND THE CARIBBEAN,2019,0.266012515,112.418
Ecuador,LATIN AMERICA AND THE CARIBBEAN,2020,-0.338872393,116.105
Ecuador,LATIN AMERICA AND THE CARIBBEAN,2021,0.133251386,104.483
Ecuador,LATIN AMERICA AND THE CARIBBEAN,2022,3.5,115
Ecuador,LATIN AMERICA AND THE CARIBBEAN,2023,2.2,120
Ecuador,LATIN AMERICA AND THE CARIBBEAN,2024,1.5,125
Egypt,NORTHERN AFRICA,2012,7.111729433,250.911
Egypt,NORTHERN AFRICA,2013,9.469719811,274.795
Egypt,NORTHERN AFRICA,2014,10.07021547,299.121
Egypt,NORTHERN AFRICA,2015,10.37049034,0
Egypt,NORTHERN AFRICA,2016,13.81360621,0
Egypt,NORTHERN AFRICA,2017,29.50660839,0
Egypt,NORTHERN AFRICA,2018,14.40146578,0
Egypt,NORTHERN AFRICA,2019,9.152799593,0
Egypt,NORTHERN AFRICA,2020,5.04493289,0
Egypt,NORTHERN AFRICA,2021,5.214049405,396.328
Egypt,NORTHERN AFRICA,2022,13,476
Egypt,NORTHERN AFRICA,2023,21,500
Egypt,NORTHERN AFRICA,2024,25.5,525
El Salvador,LATIN AMERICA AND THE CARIBBEAN,2012,1.729734816,25.348
El Salvador,LATIN AMERICA AND THE CARIBBEAN,2013,0.757669185,27.206
El Salvador,LATIN AMERICA AND THE CARIBBEAN,2014,1.141344675,29.167
El Salvador,LATIN AMERICA AND THE CARIBBEAN,2015,-0.731384487,25.652
El Salvador,LATIN AMERICA AND THE CARIBBEAN,2016,0.604049087,26.592
El Salvador,LATIN AMERICA AND THE CARIBBEAN,2017,1.012354033,27.679
El Salvador,LATIN AMERICA AND THE CARIBBEAN,2018,1.090330006,28.896
El Salvador,LATIN AMERICA AND THE CARIBBEAN,2019,0.075324135,30.081
El Salvador,LATIN AMERICA AND THE CARIBBEAN,2020,-0.371590212,31.358
El Salvador,LATIN AMERICA AND THE CARIBBEAN,2021,3.466925853,27.665
El Salvador,LATIN AMERICA AND THE CARIBBEAN,2022,7.2,32
El Salvador,LATIN AMERICA AND THE CARIBBEAN,2023,4.1,33
El Salvador,LATIN AMERICA AND THE CARIBBEAN,2024,3,34
United Arab Emirates,WESTERN ASIA,2012,0.6622689,298.848
United Arab Emirates,WESTERN ASIA,2013,1.101118364,326.175
United Arab Emirates,WESTERN ASIA,2014,2.346268657,356.668
United Arab Emirates,WESTERN ASIA,2015,4.069966084,339.085
United Arab Emirates,WESTERN ASIA,2016,1.617488089,356.219
United Arab Emirates,WESTERN ASIA,2017,1.966825578,382.619
United Arab Emirates,WESTERN ASIA,2018,3.068633793,410.422
United Arab Emirates,WESTERN ASIA,2019,-1.931081148,438.118
United Arab Emirates,WESTERN ASIA,2020,-2.079403179,468.902
United Arab Emirates,WESTERN ASIA,2021,0.179935336,410.158
United Arab Emirates,WESTERN ASIA,2022,4.8,501
United Arab Emirates,WESTERN ASIA,2023,1.6,520
United Arab Emirates,WESTERN ASIA,2024,2.3,540
Eritrea,SUB-SAHARAN AFRICA,2012,0,2.677
Eritrea,SUB-SAHARAN AFRICA,2013,0,3.124
Eritrea,SUB-SAHARAN AFRICA,2014,0,3.663
Eritrea,SUB-SAHARAN AFRICA,2015,0,4.256
Eritrea,SUB-SAHARAN AFRICA,2016,0,4.809
Eritrea,SUB-SAHARAN AFRICA,2017,0,5.478
Eritrea,SUB-SAHARAN AFRICA,2018,0,6.289
Eritrea,SUB-SAHARAN AFRICA,2019,0,7.23
Eritrea,SUB-SAHARAN AFRICA,2020,0,7.584
Eritrea,SUB-SAHARAN AFRICA,2021,0,2.254
Eritrea,SUB-SAHARAN AFRICA,2022,7.5,2.5
Eritrea,SUB-SAHARAN AFRICA,2023,6.4,2.6
Eritrea,SUB-SAHARAN AFRICA,2024,6,2.7
Slovenia,SOUTHERN EUROPE,2012,2.59741386,57.379
Slovenia,SOUTHERN EUROPE,2013,1.769200859,60.311
Slovenia,SOUTHERN EUROPE,2014,0.199343827,63.417
Slovenia,SOUTHERN EUROPE,2015,-0.525552286,42.736
Slovenia,SOUTHERN EUROPE,2016,-0.054999542,44.015
Slovenia,SOUTHERN EUROPE,2017,1.429107433,46.062
Slovenia,SOUTHERN EUROPE,2018,1.73860862,48.168
Slovenia,SOUTHERN EUROPE,2019,1.630522608,50.312
Slovenia,SOUTHERN EUROPE,2020,-0.054856816,52.951
Slovenia,SOUTHERN EUROPE,2021,1.917065061,60.89
Slovenia,SOUTHERN EUROPE,2022,10.2,70
Slovenia,SOUTHERN EUROPE,2023,3.8,73
Slovenia,SOUTHERN EUROPE,2024,2,76
Spain,SOUTHERN EUROPE,2012,2.446127824,1506.2
Spain,SOUTHERN EUROPE,2013,1.408581092,1534.01
Spain,SOUTHERN EUROPE,2014,-0.151114838,1567.79
Spain,SOUTHERN EUROPE,2015,-0.50036571,1221.39
Spain,SOUTHERN EUROPE,2016,-0.202598,1265.12
Spain,SOUTHERN EUROPE,2017,1.956076334,1318.83
Spain,SOUTHERN EUROPE,2018,1.674981369,1372.18
Spain,SOUTHERN EUROPE,2019,0.699518994,1427.74
Spain,SOUTHERN EUROPE,2020,-0.322753017,1497.67
Spain,SOUTHERN EUROPE,2021,3.09313512,1439.96
Spain,SOUTHERN EUROPE,2022,5.7,1500
Spain,SOUTHERN EUROPE,2023,3.2,1550
Spain,SOUTHERN EUROPE,2024,2,1600
United States,NORTHERN AMERICA,2012,2.069337265,16008.51
United States,NORTHERN AMERICA,2013,1.464832656,16729.38
United States,NORTHERN AMERICA,2014,1.622222977,17419.35
United States,NORTHERN AMERICA,2015,0.118627136,17968.2
United States,NORTHERN AMERICA,2016,1.261583206,18697.92
United States,NORTHERN AMERICA,2017,2.130110004,19555.87
United States,NORTHERN AMERICA,2018,2.442583297,20493.25
United States,NORTHERN AMERICA,2019,1.812210075,21404.19
United States,NORTHERN AMERICA,2020,1.233584396,22294.11
United States,NORTHERN AMERICA,2021,4.697858864,22939.58
United States,NORTHERN AMERICA,2022,6.5,25460
United States,NORTHERN AMERICA,2023,4.1,26000
United States,NORTHERN AMERICA,2024,2.9,26500
Estonia,NORTHERN EUROPE,2012,3.933399873,18.62
Estonia,NORTHERN EUROPE,2013,2.78056659,19.803
Estonia,NORTHERN EUROPE,2014,-0.106175147,21.09
Estonia,NORTHERN EUROPE,2015,-0.492326007,22.934
Estonia,NORTHERN EUROPE,2016,0.148684908,24.224
Estonia,NORTHERN EUROPE,2017,3.417235495,25.869
Estonia,NORTHERN EUROPE,2018,3.436326884,27.646
Estonia,NORTHERN EUROPE,2019,2.277259312,29.537
Estonia,NORTHERN EUROPE,2020,-0.444531098,31.856
Estonia,NORTHERN EUROPE,2021,4.653166738,36.039
Estonia,NORTHERN EUROPE,2022,21.4,38
Estonia,NORTHERN EUROPE,2023,17.5,40
Estonia,NORTHERN EUROPE,2024,4.1,42
Ethiopia,SUB-SAHARAN AFRICA,2012,23.60041768,35.509
Ethiopia,SUB-SAHARAN AFRICA,2013,7.464021929,37.891
Ethiopia,SUB-SAHARAN AFRICA,2014,6.890019516,40.432
Ethiopia,SUB-SAHARAN AFRICA,2015,9.56889956,63.022
Ethiopia,SUB-SAHARAN AFRICA,2016,6.628133372,70.171
Ethiopia,SUB-SAHARAN AFRICA,2017,10.68711503,77.438
Ethiopia,SUB-SAHARAN AFRICA,2018,13.83303566,84.407
Ethiopia,SUB-SAHARAN AFRICA,2019,15.80963217,91.98
Ethiopia,SUB-SAHARAN AFRICA,2020,20.35634686,100.324
Ethiopia,SUB-SAHARAN AFRICA,2021,26.83952216,92.757
Ethiopia,SUB-SAHARAN AFRICA,2022,34.7,111
Ethiopia,SUB-SAHARAN AFRICA,2023,26,115
Ethiopia,SUB-SAHARAN AFRICA,2024,17.5,120
Russia,EASTERN EUROPE,2012,5.074743008,1706.34
Russia,EASTERN EUROPE,2013,6.753710262,1896.68
Russia,EASTERN EUROPE,2014,7.823411839,2127.58
Russia,EASTERN EUROPE,2015,15.53440505,1235.86
Russia,EASTERN EUROPE,2016,7.04244763,1178.92
Russia,EASTERN EUROPE,2017,3.683329444,1309.27
Russia,EASTERN EUROPE,2018,2.878297236,1447.26
Russia,EASTERN EUROPE,2019,4.470366608,1613.84
Russia,EASTERN EUROPE,2020,3.381659372,1791.79
Russia,EASTERN EUROPE,2021,6.69445892,1647.57
Russia,EASTERN EUROPE,2022,11,1830
Russia,EASTERN EUROPE,2023,7.4,1850
Russia,EASTERN EUROPE,2024,9.5,1900
Philippines,SOUTH-EASTERN ASIA,2012,3.026963911,190.014
Philippines,SOUTH-EASTERN ASIA,2013,2.582687661,200.928
Philippines,SOUTH-EASTERN ASIA,2014,3.597823439,212.469
Philippines,SOUTH-EASTERN ASIA,2015,0.674192537,299.314
Philippines,SOUTH-EASTERN ASIA,2016,1.253698801,330.232
Philippines,SOUTH-EASTERN ASIA,2017,2.853187726,366.753
Philippines,SOUTH-EASTERN ASIA,2018,5.309346616,407.942
Philippines,SOUTH-EASTERN ASIA,2019,2.392065344,454.796
Philippines,SOUTH-EASTERN ASIA,2020,2.393162393,507.251
Philippines,SOUTH-EASTERN ASIA,2021,3.927180221,385.737
Philippines,SOUTH-EASTERN ASIA,2022,5.8,401
Philippines,SOUTH-EASTERN ASIA,2023,6.1,420
Philippines,SOUTH-EASTERN ASIA,2024,3.2,440
Finland,NORTHERN EUROPE,2012,2.808336226,271.393
Finland,NORTHERN EUROPE,2013,1.478286157,281.948
Finland,NORTHERN EUROPE,2014,1.041196212,293.345
Finland,NORTHERN EUROPE,2015,-0.20792884,230.685
Finland,NORTHERN EUROPE,2016,0.356684501,237.111
Finland,NORTHERN EUROPE,2017,0.754015047,246.361
Finland,NORTHERN EUROPE,2018,1.083820984,256.596
Finland,NORTHERN EUROPE,2019,1.02409393,267.335
Finland,NORTHERN EUROPE,2020,0.290554556,281.26
Finland,NORTHERN EUROPE,2021,2.194574323,296.016
Finland,NORTHERN EUROPE,2022,6.5,297
Finland,NORTHERN EUROPE,2023,4,310
Finland,NORTHERN EUROPE,2024,1.9,320
France,WESTERN EUROPE,2012,1.954195316,2907.44
France,WESTERN EUROPE,2013,0.863715498,2998.97
France,WESTERN EUROPE,2014,0.507758823,3089.18
France,WESTERN EUROPE,2015,0.037514381,2422.65
France,WESTERN EUROPE,2016,0.183334861,2488.38
France,WESTERN EUROPE,2017,1.032282751,2586.57
France,WESTERN EUROPE,2018,1.850815083,2690.48
France,WESTERN EUROPE,2019,1.108254923,2801.75
France,WESTERN EUROPE,2020,0.476498853,2940.19
France,WESTERN EUROPE,2021,1.64233141,2940.43
France,WESTERN EUROPE,2022,5.2,2780
France,WESTERN EUROPE,2023,5.9,2850
France,WESTERN EUROPE,2024,2.2,2900
Gabon,SUB-SAHARAN AFRICA,2012,2.652418287,14.042
Gabon,SUB-SAHARAN AFRICA,2013,0.505441059,14.209
Gabon,SUB-SAHARAN AFRICA,2014,4.690457518,14.693
Gabon,SUB-SAHARAN AFRICA,2015,-0.338795189,13.8
Gabon,SUB-SAHARAN AFRICA,2016,2.106707128,14.24
Gabon,SUB-SAHARAN AFRICA,2017,2.651925831,15.478
Gabon,SUB-SAHARAN AFRICA,2018,4.749066521,16.648
Gabon,SUB-SAHARAN AFRICA,2019,2.464567562,17.773
Gabon,SUB-SAHARAN AFRICA,2020,1.352761107,18.899
Gabon,SUB-SAHARAN AFRICA,2021,1.086907465,18.293
Gabon,SUB-SAHARAN AFRICA,2022,3,21.8
Gabon,SUB-SAHARAN AFRICA,2023,2.5,23
Gabon,SUB-SAHARAN AFRICA,2024,2,24.5
Georgia,WESTERN ASIA,2012,-0.943658853,12.291
Georgia,WESTERN ASIA,2013,-0.512058411,13.293
Georgia,WESTERN ASIA,2014,3.068812104,14.377
Georgia,WESTERN ASIA,2015,4.003578207,13.753
Georgia,WESTERN ASIA,2016,2.134927139,14.27
Georgia,WESTERN ASIA,2017,6.035317253,15.677
Georgia,WESTERN ASIA,2018,2.615244714,17.074
Georgia,WESTERN ASIA,2019,4.852898217,18.632
Georgia,WESTERN ASIA,2020,5.20246489,20.331
Georgia,WESTERN ASIA,2021,9.566914338,17.846
Georgia,WESTERN ASIA,2022,9.6,24.6
Georgia,WESTERN ASIA,2023,6,26.8
Georgia,WESTERN ASIA,2024,5,28.5
Ghana,SUB-SAHARAN AFRICA,2012,11.18634094,19.88
Ghana,SUB-SAHARAN AFRICA,2013,11.66619231,21.199
Ghana,SUB-SAHARAN AFRICA,2014,15.48961603,22.631
Ghana,SUB-SAHARAN AFRICA,2015,17.1499695,37.679
Ghana,SUB-SAHARAN AFRICA,2016,17.45463471,42.295
Ghana,SUB-SAHARAN AFRICA,2017,12.37192155,46.921
Ghana,SUB-SAHARAN AFRICA,2018,7.808765166,51.233
Ghana,SUB-SAHARAN AFRICA,2019,7.143640033,54.993
Ghana,SUB-SAHARAN AFRICA,2020,9.887289563,58.288
Ghana,SUB-SAHARAN AFRICA,2021,9.971088675,75.487
Ghana,SUB-SAHARAN AFRICA,2022,31.5,72.8
Ghana,SUB-SAHARAN AFRICA,2023,54.1,77.5
Ghana,SUB-SAHARAN AFRICA,2024,40,82
Grenada,LATIN AMERICA AND THE CARIBBEAN,2012,2.41077704,0.762
Grenada,LATIN AMERICA AND THE CARIBBEAN,2013,-0.043999786,0.799
Grenada,LATIN AMERICA AND THE CARIBBEAN,2014,-0.983603056,0.844
Grenada,LATIN AMERICA AND THE CARIBBEAN,2015,-0.515448031,0.957
Grenada,LATIN AMERICA AND THE CARIBBEAN,2016,1.650389944,1.005
Grenada,LATIN AMERICA AND THE CARIBBEAN,2017,0.908458256,1.055
Grenada,LATIN AMERICA AND THE CARIBBEAN,2018,0.804102313,1.108
Grenada,LATIN AMERICA AND THE CARIBBEAN,2019,0.598149765,1.164
Grenada,LATIN AMERICA AND THE CARIBBEAN,2020,-0.740732597,1.223
Grenada,LATIN AMERICA AND THE CARIBBEAN,2021,1.219511939,1.083
Grenada,LATIN AMERICA AND THE CARIBBEAN,2022,3,1.3
Grenada,LATIN AMERICA AND THE CARIBBEAN,2023,2.5,1.4
Grenada,LATIN AMERICA AND THE CARIBBEAN,2024,2,1.5
Greece,SOUTHERN EUROPE,2012,1.501526962,367.41
Greece,SOUTHERN EUROPE,2013,-0.921269454,377.199
Greece,SOUTHERN EUROPE,2014,-1.312260964,387.042
Greece,SOUTHERN EUROPE,2015,-1.735888048,192.98
Greece,SOUTHERN EUROPE,2016,-0.825653978,192.515
Greece,SOUTHERN EUROPE,2017,1.12125452,201.336
Greece,SOUTHERN EUROPE,2018,0.625621413,211.9
Greece,SOUTHERN EUROPE,2019,0.253007522,222.361
Greece,SOUTHERN EUROPE,2020,-1.247983556,234.579
Greece,SOUTHERN EUROPE,2021,1.22382501,211.645
Greece,SOUTHERN EUROPE,2022,9.6,95
Greece,SOUTHERN EUROPE,2023,9.3,100.5
Greece,SOUTHERN EUROPE,2024,3,106
Guatemala,LATIN AMERICA AND THE CARIBBEAN,2012,3.781807547,39.017
Guatemala,LATIN AMERICA AND THE CARIBBEAN,2013,4.343371313,40.468
Guatemala,LATIN AMERICA AND THE CARIBBEAN,2014,3.418361697,41.885
Guatemala,LATIN AMERICA AND THE CARIBBEAN,2015,2.388720328,63.218
Guatemala,LATIN AMERICA AND THE CARIBBEAN,2016,4.448441999,66.401
Guatemala,LATIN AMERICA AND THE CARIBBEAN,2017,4.424536552,70.525
Guatemala,LATIN AMERICA AND THE CARIBBEAN,2018,3.751861867,75.129
Guatemala,LATIN AMERICA AND THE CARIBBEAN,2019,3.69998398,79.96
Guatemala,LATIN AMERICA AND THE CARIBBEAN,2020,3.214440622,85.228
Guatemala,LATIN AMERICA AND THE CARIBBEAN,2021,4.261051274,83.305
Guatemala,LATIN AMERICA AND THE CARIBBEAN,2022,4,95
Guatemala,LATIN AMERICA AND THE CARIBBEAN,2023,5,100.5
Guatemala,LATIN AMERICA AND THE CARIBBEAN,2024,4.5,106
Guinea,SUB-SAHARAN AFRICA,2012,15.2262941,5.378
Guinea,SUB-SAHARAN AFRICA,2013,11.88758845,5.868
Guinea,SUB-SAHARAN AFRICA,2014,6.150505567,6.377
Guinea,SUB-SAHARAN AFRICA,2015,11.7800825,6.733
Guinea,SUB-SAHARAN AFRICA,2016,8.172681123,7.067
Guinea,SUB-SAHARAN AFRICA,2017,8.914359479,7.587
Guinea,SUB-SAHARAN AFRICA,2018,9.827617013,8.165
Guinea,SUB-SAHARAN AFRICA,2019,9.470010393,8.71
Guinea,SUB-SAHARAN AFRICA,2020,10.60162034,10.326
Guinea,SUB-SAHARAN AFRICA,2021,12.59728826,16.724
Guinea,SUB-SAHARAN AFRICA,2022,14,18.1
Guinea,SUB-SAHARAN AFRICA,2023,12,19.5
Guinea,SUB-SAHARAN AFRICA,2024,10,21
Equatorial Guinea,SUB-SAHARAN AFRICA,2012,3.656620483,15.172
Equatorial Guinea,SUB-SAHARAN AFRICA,2013,2.948876946,15.161
Equatorial Guinea,SUB-SAHARAN AFRICA,2014,4.309998661,14.881
Equatorial Guinea,SUB-SAHARAN AFRICA,2015,1.676630853,10.025
Equatorial Guinea,SUB-SAHARAN AFRICA,2016,1.411939155,10.211
Equatorial Guinea,SUB-SAHARAN AFRICA,2017,0.744354747,10.399
Equatorial Guinea,SUB-SAHARAN AFRICA,2018,1.060074107,10.547
Equatorial Guinea,SUB-SAHARAN AFRICA,2019,1.53027529,10.681
Equatorial Guinea,SUB-SAHARAN AFRICA,2020,4.766695239,10.856
Equatorial Guinea,SUB-SAHARAN AFRICA,2021,-0.097100766,12.528
Equatorial Guinea,SUB-SAHARAN AFRICA,2022,3,10
Equatorial Guinea,SUB-SAHARAN AFRICA,2023,2.5,10.5
Equatorial Guinea,SUB-SAHARAN AFRICA,2024,2,11
Guinea-Bissau,SUB-SAHARAN AFRICA,2012,2.130545803,0.515
Guinea-Bissau,SUB-SAHARAN AFRICA,2013,1.207125557,0.546
Guinea-Bissau,SUB-SAHARAN AFRICA,2014,-1.509244606,0.578
Guinea-Bissau,SUB-SAHARAN AFRICA,2015,1.476720489,1.035
Guinea-Bissau,SUB-SAHARAN AFRICA,2016,1.503120559,1.116
Guinea-Bissau,SUB-SAHARAN AFRICA,2017,1.691114618,1.208
Guinea-Bissau,SUB-SAHARAN AFRICA,2018,0.381324703,1.313
Guinea-Bissau,SUB-SAHARAN AFRICA,2019,0.246600268,1.426
Guinea-Bissau,SUB-SAHARAN AFRICA,2020,1.140009394,1.563
Guinea-Bissau,SUB-SAHARAN AFRICA,2021,2.242488796,1.592
Guinea-Bissau,SUB-SAHARAN AFRICA,2022,5,1.6
Guinea-Bissau,SUB-SAHARAN AFRICA,2023,4.5,1.7
Guinea-Bissau,SUB-SAHARAN AFRICA,2024,4,1.8
Guyana,LATIN AMERICA AND THE CARIBBEAN,2012,2.391935213,1.456
Guyana,LATIN AMERICA AND THE CARIBBEAN,2013,1.901251819,1.558
Guyana,LATIN AMERICA AND THE CARIBBEAN,2014,0.852630498,1.658
Guyana,LATIN AMERICA AND THE CARIBBEAN,2015,-1.001734328,3.203
Guyana,LATIN AMERICA AND THE CARIBBEAN,2016,0.836008062,3.411
Guyana,LATIN AMERICA AND THE CARIBBEAN,2017,1.904656155,3.603
Guyana,LATIN AMERICA AND THE CARIBBEAN,2018,1.282842884,3.802
Guyana,LATIN AMERICA AND THE CARIBBEAN,2019,2.087230892,4.012
Guyana,LATIN AMERICA AND THE CARIBBEAN,2020,0.993337023,4.223
Guyana,LATIN AMERICA AND THE CARIBBEAN,2021,5.032855746,7.395
Guyana,LATIN AMERICA AND THE CARIBBEAN,2022,5,14
Guyana,LATIN AMERICA AND THE CARIBBEAN,2023,4,16.5
Guyana,LATIN AMERICA AND THE CARIBBEAN,2024,3.5,19
Haiti,LATIN AMERICA AND THE CARIBBEAN,2012,5.018041554,7.943
Haiti,LATIN AMERICA AND THE CARIBBEAN,2013,4.765024048,8.256
Haiti,LATIN AMERICA AND THE CARIBBEAN,2014,3.4381666,8.669
Haiti,LATIN AMERICA AND THE CARIBBEAN,2015,6.731840697,8.797
Haiti,LATIN AMERICA AND THE CARIBBEAN,2016,11.50290739,8.924
Haiti,LATIN AMERICA AND THE CARIBBEAN,2017,10.68008872,9.339
Haiti,LATIN AMERICA AND THE CARIBBEAN,2018,12.48141112,9.83
Haiti,LATIN AMERICA AND THE CARIBBEAN,2019,18.70378257,10.397
Haiti,LATIN AMERICA AND THE CARIBBEAN,2020,22.79631136,10.97
Haiti,LATIN AMERICA AND THE CARIBBEAN,2021,16.84152402,20.143
Haiti,LATIN AMERICA AND THE CARIBBEAN,2022,20,20
Haiti,LATIN AMERICA AND THE CARIBBEAN,2023,25,21
Haiti,LATIN AMERICA AND THE CARIBBEAN,2024,30,22
Honduras,LATIN AMERICA AND THE CARIBBEAN,2012,5.196186155,18.151
Honduras,LATIN AMERICA AND THE CARIBBEAN,2013,5.161898986,19.873
Honduras,LATIN AMERICA AND THE CARIBBEAN,2014,6.129249303,21.707
Honduras,LATIN AMERICA AND THE CARIBBEAN,2015,3.15783118,19.941
Honduras,LATIN AMERICA AND THE CARIBBEAN,2016,2.724612233,20.457
Honduras,LATIN AMERICA AND THE CARIBBEAN,2017,3.934360844,20.999
Honduras,LATIN AMERICA AND THE CARIBBEAN,2018,4.347349378,21.646
Honduras,LATIN AMERICA AND THE CARIBBEAN,2019,4.365871598,22.357
Honduras,LATIN AMERICA AND THE CARIBBEAN,2020,3.46841178,23.101
Honduras,LATIN AMERICA AND THE CARIBBEAN,2021,4.480879634,26.325
Honduras,LATIN AMERICA AND THE CARIBBEAN,2022,6,29
Honduras,LATIN AMERICA AND THE CARIBBEAN,2023,5.5,30.5
Honduras,LATIN AMERICA AND THE CARIBBEAN,2024,5,32
Hungary,EASTERN EUROPE,2012,5.652145171,149
Hungary,EASTERN EUROPE,2013,1.73319985,157.976
Hungary,EASTERN EUROPE,2014,-0.227566271,166.299
Hungary,EASTERN EUROPE,2015,-0.06164468,118.49
Hungary,EASTERN EUROPE,2016,0.394769307,124.012
Hungary,EASTERN EUROPE,2017,2.348242812,130.636
Hungary,EASTERN EUROPE,2018,2.850247926,137.335
Hungary,EASTERN EUROPE,2019,3.338586354,143.759
Hungary,EASTERN EUROPE,2020,3.326743858,150.095
Hungary,EASTERN EUROPE,2021,5.110965344,180.959
Hungary,EASTERN EUROPE,2022,14,180
Hungary,EASTERN EUROPE,2023,20,190
Hungary,EASTERN EUROPE,2024,18,200
India,SOUTHERN ASIA,2012,9.478996914,1583.43
India,SOUTHERN ASIA,2013,10.01787847,1740.41
India,SOUTHERN ASIA,2014,6.665656719,1908.33
India,SOUTHERN ASIA,2015,4.906973441,2182.58
India,SOUTHERN ASIA,2016,4.948216341,2384.73
India,SOUTHERN ASIA,2017,3.328173375,2607.41
India,SOUTHERN ASIA,2018,3.938826467,2846.16
India,SOUTHERN ASIA,2019,3.729505735,3131.95
India,SOUTHERN ASIA,2020,6.623436776,3443.6
India,SOUTHERN ASIA,2021,5.131407472,2946.06
India,SOUTHERN ASIA,2022,6.7,3385
India,SOUTHERN ASIA,2023,6.2,3730
India,SOUTHERN ASIA,2024,5.5,4100
Indonesia,SOUTH-EASTERN ASIA,2012,4.279499996,661.113
Indonesia,SOUTH-EASTERN ASIA,2013,6.412513302,716.887
Indonesia,SOUTH-EASTERN ASIA,2014,6.394925408,777.89
Indonesia,SOUTH-EASTERN ASIA,2015,6.363121131,872.615
Indonesia,SOUTH-EASTERN ASIA,2016,3.525805157,875.75
Indonesia,SOUTH-EASTERN ASIA,2017,3.80879807,950.438
Indonesia,SOUTH-EASTERN ASIA,2018,3.198346416,1021.23
Indonesia,SOUTH-EASTERN ASIA,2019,3.03058665,1103.29
Indonesia,SOUTH-EASTERN ASIA,2020,1.920968006,1193.91
Indonesia,SOUTH-EASTERN ASIA,2021,1.560129905,1150.25
Indonesia,SOUTH-EASTERN ASIA,2022,4.2,1319
Indonesia,SOUTH-EASTERN ASIA,2023,3.7,1400
Indonesia,SOUTH-EASTERN ASIA,2024,3.5,1500
Ireland,NORTHERN EUROPE,2012,1.694741167,232.09
Ireland,NORTHERN EUROPE,2013,0.515099485,237.912
Ireland,NORTHERN EUROPE,2014,0.190916399,243.05
Ireland,NORTHERN EUROPE,2015,-0.330959783,227.498
Ireland,NORTHERN EUROPE,2016,0.020124774,240.454
Ireland,NORTHERN EUROPE,2017,0.362173038,254.356
Ireland,NORTHERN EUROPE,2018,0.471130714,267.745
Ireland,NORTHERN EUROPE,2019,0.937842961,280.731
Ireland,NORTHERN EUROPE,2020,-0.326183651,295.976
Ireland,NORTHERN EUROPE,2021,2.340341134,516.253
Ireland,NORTHERN EUROPE,2022,9.2,529
Ireland,NORTHERN EUROPE,2023,6.5,550
Ireland,NORTHERN EUROPE,2024,1.5,570
Iceland,NORTHERN EUROPE,2012,5.185899888,11.864
Iceland,NORTHERN EUROPE,2013,3.872279237,12.135
Iceland,NORTHERN EUROPE,2014,2.044614815,12.527
Iceland,NORTHERN EUROPE,2015,1.633055582,16.738
Iceland,NORTHERN EUROPE,2016,1.69692762,17.775
Iceland,NORTHERN EUROPE,2017,1.760415592,18.588
Iceland,NORTHERN EUROPE,2018,2.682917683,19.267
Iceland,NORTHERN EUROPE,2019,3.013971792,19.757
Iceland,NORTHERN EUROPE,2020,2.847924015,19.991
Iceland,NORTHERN EUROPE,2021,4.444239702,25.476
Iceland,NORTHERN EUROPE,2022,9,27
Iceland,NORTHERN EUROPE,2023,8,28.5
Iceland,NORTHERN EUROPE,2024,3.6,30
Solomon Islands,MELANESIA,2012,5.912006025,0.896
Solomon Islands,MELANESIA,2013,5.391363886,1.002
Solomon Islands,MELANESIA,2014,5.165902379,1.086
Solomon Islands,MELANESIA,2015,-0.574469286,1.205
Solomon Islands,MELANESIA,2016,0.512485626,1.289
Solomon Islands,MELANESIA,2017,0.48868676,1.386
Solomon Islands,MELANESIA,2018,3.46147485,1.492
Solomon Islands,MELANESIA,2019,1.63485544,1.611
Solomon Islands,MELANESIA,2020,2.963549921,1.751
Solomon Islands,MELANESIA,2021,-0.115437894,1.649
Solomon Islands,MELANESIA,2022,5.5,1.6
Solomon Islands,MELANESIA,2023,5.9,1.7
Solomon Islands,MELANESIA,2024,3.6,1.8
Israel,WESTERN ASIA,2012,1.679207194,244.806
Israel,WESTERN ASIA,2013,1.570255392,257.14
Israel,WESTERN ASIA,2014,0.479786761,270.446
Israel,WESTERN ASIA,2015,-0.601291007,298.866
Israel,WESTERN ASIA,2016,-0.551552353,312.434
Israel,WESTERN ASIA,2017,0.259414975,319.393
Israel,WESTERN ASIA,2018,0.79407566,325.563
Israel,WESTERN ASIA,2019,0.849783128,331.085
Israel,WESTERN ASIA,2020,-0.614412358,339.065
Israel,WESTERN ASIA,2021,1.510200477,467.532
Israel,WESTERN ASIA,2022,5.3,527
Israel,WESTERN ASIA,2023,3,550
Israel,WESTERN ASIA,2024,3.2,580
Italy,SOUTHERN EUROPE,2012,3.041363332,2246.55
Italy,SOUTHERN EUROPE,2013,1.219993423,2296.21
Italy,SOUTHERN EUROPE,2014,0.24104743,2355.35
Italy,SOUTHERN EUROPE,2015,0.0387904,1819.05
Italy,SOUTHERN EUROPE,2016,-0.094016657,1867.57
Italy,SOUTHERN EUROPE,2017,1.226533166,1932.94
Italy,SOUTHERN EUROPE,2018,1.137487636,1997.84
Italy,SOUTHERN EUROPE,2019,0.611246944,2061.97
Italy,SOUTHERN EUROPE,2020,-0.137707574,2143.8
Italy,SOUTHERN EUROPE,2021,1.873783258,2120.23
Italy,SOUTHERN EUROPE,2022,5.9,2010
Italy,SOUTHERN EUROPE,2023,1.1,2100
Italy,SOUTHERN EUROPE,2024,1.1,2200
Jamaica,LATIN AMERICA AND THE CARIBBEAN,2012,6.873977087,13.297
Jamaica,LATIN AMERICA AND THE CARIBBEAN,2013,9.341500766,13.873
Jamaica,LATIN AMERICA AND THE CARIBBEAN,2014,8.274078862,14.694
Jamaica,LATIN AMERICA AND THE CARIBBEAN,2015,3.691542289,13.823
Jamaica,LATIN AMERICA AND THE CARIBBEAN,2016,2.351021975,14.128
Jamaica,LATIN AMERICA AND THE CARIBBEAN,2017,4.37839865,14.713
Jamaica,LATIN AMERICA AND THE CARIBBEAN,2018,3.736638822,15.426
Jamaica,LATIN AMERICA AND THE CARIBBEAN,2019,3.905100009,16.213
Jamaica,LATIN AMERICA AND THE CARIBBEAN,2020,5.226777793,17.084
Jamaica,LATIN AMERICA AND THE CARIBBEAN,2021,5.862782428,14.857
Jamaica,LATIN AMERICA AND THE CARIBBEAN,2022,9.4,16.7
Jamaica,LATIN AMERICA AND THE CARIBBEAN,2023,7.5,17.5
Jamaica,LATIN AMERICA AND THE CARIBBEAN,2024,7.5,18.5
Japan,EASTERN ASIA,2012,-0.04406451,5410.7
Japan,EASTERN ASIA,2013,0.335037912,5591.43
Japan,EASTERN ASIA,2014,2.759226714,5791.63
Japan,EASTERN ASIA,2015,0.795279631,4116.24
Japan,EASTERN ASIA,2016,-0.127258844,4170.64
Japan,EASTERN ASIA,2017,0.484199796,4342.16
Japan,EASTERN ASIA,2018,0.989094598,4446.33
Japan,EASTERN ASIA,2019,0.468776159,4590.91
Japan,EASTERN ASIA,2020,-0.024995834,4746.88
Japan,EASTERN ASIA,2021,-0.233352779,5103.11
Japan,EASTERN ASIA,2022,2.5,4230
Japan,EASTERN ASIA,2023,2.5,4300
Japan,EASTERN ASIA,2024,2.5,4400
Jordan,WESTERN ASIA,2012,4.515229567,28.802
Jordan,WESTERN ASIA,2013,4.824623143,31.028
Jordan,WESTERN ASIA,2014,2.89947905,33.304
Jordan,WESTERN ASIA,2015,-0.87685136,38.21
Jordan,WESTERN ASIA,2016,-0.778430463,40.891
Jordan,WESTERN ASIA,2017,3.323894476,43.821
Jordan,WESTERN ASIA,2018,4.462311085,46.937
Jordan,WESTERN ASIA,2019,0.761514047,50.276
Jordan,WESTERN ASIA,2020,0.333294351,53.852
Jordan,WESTERN ASIA,2021,1.346093772,45.344
Jordan,WESTERN ASIA,2022,3.5,47.7
Jordan,WESTERN ASIA,2023,4.2,50
Jordan,WESTERN ASIA,2024,2.1,52.5
Kazakhstan,CENTRAL ASIA,2012,5.19568369,154.444
Kazakhstan,CENTRAL ASIA,2013,5.942838716,173.084
Kazakhstan,CENTRAL ASIA,2014,6.84944977,199.333
Kazakhstan,CENTRAL ASIA,2015,6.678285856,195.005
Kazakhstan,CENTRAL ASIA,2016,14.36109424,173.199
Kazakhstan,CENTRAL ASIA,2017,7.442663213,195.269
Kazakhstan,CENTRAL ASIA,2018,6.163662476,218.887
Kazakhstan,CENTRAL ASIA,2019,5.333560989,243.072
Kazakhstan,CENTRAL ASIA,2020,6.718154549,268.657
Kazakhstan,CENTRAL ASIA,2021,8.04147134,194.024
Kazakhstan,CENTRAL ASIA,2022,20.3,224
Kazakhstan,CENTRAL ASIA,2023,9.8,235
Kazakhstan,CENTRAL ASIA,2024,8.6,250
Kenya,SUB-SAHARAN AFRICA,2012,9.377770035,45.226
Kenya,SUB-SAHARAN AFRICA,2013,5.71749357,49.787
Kenya,SUB-SAHARAN AFRICA,2014,6.878154993,55.078
Kenya,SUB-SAHARAN AFRICA,2015,6.582154293,63.121
Kenya,SUB-SAHARAN AFRICA,2016,6.297249538,68.866
Kenya,SUB-SAHARAN AFRICA,2017,8.005649677,76.758
Kenya,SUB-SAHARAN AFRICA,2018,4.689806468,85.263
Kenya,SUB-SAHARAN AFRICA,2019,5.239637958,94.303
Kenya,SUB-SAHARAN AFRICA,2020,5.405162079,104.043
Kenya,SUB-SAHARAN AFRICA,2021,6.107936037,109.491
Kenya,SUB-SAHARAN AFRICA,2022,9,110
Kenya,SUB-SAHARAN AFRICA,2023,6.5,115
Kenya,SUB-SAHARAN AFRICA,2024,7.5,120
Kuwait,WESTERN ASIA,2012,3.255146003,154.047
Kuwait,WESTERN ASIA,2013,2.682296841,164.479
Kuwait,WESTERN ASIA,2014,2.908926729,174.939
Kuwait,WESTERN ASIA,2015,3.271701661,123.228
Kuwait,WESTERN ASIA,2016,3.198397767,128.538
Kuwait,WESTERN ASIA,2017,2.171832985,141.776
Kuwait,WESTERN ASIA,2018,0.543133148,155.529
Kuwait,WESTERN ASIA,2019,1.091848027,167.562
Kuwait,WESTERN ASIA,2020,2.101729548,178.517
Kuwait,WESTERN ASIA,2021,3.423629476,132.266
Kuwait,WESTERN ASIA,2022,3,183
Kuwait,WESTERN ASIA,2023,2.5,190
Kuwait,WESTERN ASIA,2024,3,200
Lesotho,SUB-SAHARAN AFRICA,2012,6.051436621,1.842
Lesotho,SUB-SAHARAN AFRICA,2013,4.865118995,1.92
Lesotho,SUB-SAHARAN AFRICA,2014,5.37028961,1.999
Lesotho,SUB-SAHARAN AFRICA,2015,3.218445137,2.035
Lesotho,SUB-SAHARAN AFRICA,2016,6.596504907,2.096
Lesotho,SUB-SAHARAN AFRICA,2017,4.447699374,2.235
Lesotho,SUB-SAHARAN AFRICA,2018,4.751803016,2.408
Lesotho,SUB-SAHARAN AFRICA,2019,5.187083592,2.538
Lesotho,SUB-SAHARAN AFRICA,2020,4.978096763,2.682
Lesotho,SUB-SAHARAN AFRICA,2021,6.04774592,2.478
Lesotho,SUB-SAHARAN AFRICA,2022,5,2.5
Lesotho,SUB-SAHARAN AFRICA,2023,4.5,2.6
Lesotho,SUB-SAHARAN AFRICA,2024,4.2,2.7
Latvia,NORTHERN EUROPE,2012,2.257789244,23.233
Latvia,NORTHERN EUROPE,2013,-0.029454778,24.461
Latvia,NORTHERN EUROPE,2014,0.620490637,25.732
Latvia,NORTHERN EUROPE,2015,0.174242244,27.822
Latvia,NORTHERN EUROPE,2016,0.140633335,29.288
Latvia,NORTHERN EUROPE,2017,2.930363124,31.416
Latvia,NORTHERN EUROPE,2018,2.534454242,33.696
Latvia,NORTHERN EUROPE,2019,2.811409201,36.003
Latvia,NORTHERN EUROPE,2020,0.219064905,38.834
Latvia,NORTHERN EUROPE,2021,3.275829374,37.199
Latvia,NORTHERN EUROPE,2022,17,40
Latvia,NORTHERN EUROPE,2023,9,42
Latvia,NORTHERN EUROPE,2024,6,44
Lebanon,WESTERN ASIA,2012,6.581474477,40.474
Lebanon,WESTERN ASIA,2013,4.821019563,43.163
Lebanon,WESTERN ASIA,2014,1.854604213,45.994
Lebanon,WESTERN ASIA,2015,-3.749145248,54.395
Lebanon,WESTERN ASIA,2016,-0.783359624,57.028
Lebanon,WESTERN ASIA,2017,4.321352183,59.411
Lebanon,WESTERN ASIA,2018,6.076989079,62.206
Lebanon,WESTERN ASIA,2019,3.005389494,66.123
Lebanon,WESTERN ASIA,2020,84.86433305,70.286
Lebanon,WESTERN ASIA,2021,154.756096,0
Lebanon,WESTERN ASIA,2022,154.8,21
Lebanon,WESTERN ASIA,2023,171,22
Lebanon,WESTERN ASIA,2024,150,23
Liberia,SUB-SAHARAN AFRICA,2012,6.831787034,1.194
Liberia,SUB-SAHARAN AFRICA,2013,7.577306817,1.413
Liberia,SUB-SAHARAN AFRICA,2014,9.861112856,1.665
Liberia,SUB-SAHARAN AFRICA,2015,7.748696876,2.015
Liberia,SUB-SAHARAN AFRICA,2016,8.834248683,2.109
Liberia,SUB-SAHARAN AFRICA,2017,12.41963239,2.282
Liberia,SUB-SAHARAN AFRICA,2018,23.5635149,2.499
Liberia,SUB-SAHARAN AFRICA,2019,26.96627602,2.733
Liberia,SUB-SAHARAN AFRICA,2020,16.95572415,2.984
Liberia,SUB-SAHARAN AFRICA,2021,7.815593859,3.384
Liberia,SUB-SAHARAN AFRICA,2022,25,3.5
Liberia,SUB-SAHARAN AFRICA,2023,28,3.7
Liberia,SUB-SAHARAN AFRICA,2024,30,4
Libya,NORTHERN AFRICA,2012,6.059803922,90.605
Libya,NORTHERN AFRICA,2013,2.605818027,99.912
Libya,NORTHERN AFRICA,2014,2.432941416,109.604
Libya,NORTHERN AFRICA,2015,10.40229336,29.721
Libya,NORTHERN AFRICA,2016,25.85387421,32.38
Libya,NORTHERN AFRICA,2017,25.80361848,36.581
Libya,NORTHERN AFRICA,2018,13.17020385,41.529
Libya,NORTHERN AFRICA,2019,-2.162178835,46.746
Libya,NORTHERN AFRICA,2020,1.44703657,53.805
Libya,NORTHERN AFRICA,2021,2.868330278,27.3
Libya,NORTHERN AFRICA,2022,3,45
Libya,NORTHERN AFRICA,2023,2.5,47
Libya,NORTHERN AFRICA,2024,3,49
Lithuania,NORTHERN EUROPE,2012,3.089982771,37.627
Lithuania,NORTHERN EUROPE,2013,1.047479371,39.406
Lithuania,NORTHERN EUROPE,2014,0.103758009,41.173
Lithuania,NORTHERN EUROPE,2015,-0.884097406,41.776
Lithuania,NORTHERN EUROPE,2016,0.905525075,44.614
Lithuania,NORTHERN EUROPE,2017,3.722888623,48.051
Lithuania,NORTHERN EUROPE,2018,2.697927792,50.503
Lithuania,NORTHERN EUROPE,2019,2.33450938,53.269
Lithuania,NORTHERN EUROPE,2020,1.19989445,56.8
Lithuania,NORTHERN EUROPE,2021,4.683544209,62.635
Lithuania,NORTHERN EUROPE,2022,18.9,65
Lithuania,NORTHERN EUROPE,2023,9.3,68
Lithuania,NORTHERN EUROPE,2024,6,71
Luxembourg,WESTERN EUROPE,2012,2.662841655,51.197
Luxembourg,WESTERN EUROPE,2013,1.734039635,53.59
Luxembourg,WESTERN EUROPE,2014,0.628543985,56.04
Luxembourg,WESTERN EUROPE,2015,0.474743161,57.929
Luxembourg,WESTERN EUROPE,2016,0.290833333,61.257
Luxembourg,WESTERN EUROPE,2017,1.730799591,65.169
Luxembourg,WESTERN EUROPE,2018,1.528195243,69.332
Luxembourg,WESTERN EUROPE,2019,1.743320757,73.645
Luxembourg,WESTERN EUROPE,2020,0.819957302,78.827
Luxembourg,WESTERN EUROPE,2021,2.526920091,83.771
Luxembourg,WESTERN EUROPE,2022,7,82
Luxembourg,WESTERN EUROPE,2023,3,85
Luxembourg,WESTERN EUROPE,2024,2,88
Madagascar,SUB-SAHARAN AFRICA,2012,5.713844342,10.384
Madagascar,SUB-SAHARAN AFRICA,2013,5.826429445,11.477
Madagascar,SUB-SAHARAN AFRICA,2014,6.080408111,12.692
Madagascar,SUB-SAHARAN AFRICA,2015,7.404191742,9.514
Madagascar,SUB-SAHARAN AFRICA,2016,6.035758582,9.17
Madagascar,SUB-SAHARAN AFRICA,2017,8.609050754,9.75
Madagascar,SUB-SAHARAN AFRICA,2018,8.594229589,10.405
Madagascar,SUB-SAHARAN AFRICA,2019,5.610514415,11.13
Madagascar,SUB-SAHARAN AFRICA,2020,4.201793122,11.89
Madagascar,SUB-SAHARAN AFRICA,2021,5.812251188,14.101
Madagascar,SUB-SAHARAN AFRICA,2022,7,15
Madagascar,SUB-SAHARAN AFRICA,2023,8,16
Madagascar,SUB-SAHARAN AFRICA,2024,8.5,17
Malaysia,SOUTH-EASTERN ASIA,2012,1.663571025,248.835
Malaysia,SOUTH-EASTERN ASIA,2013,2.105012312,270.36
Malaysia,SOUTH-EASTERN ASIA,2014,3.142990509,293.746
Malaysia,SOUTH-EASTERN ASIA,2015,2.104389802,313.479
Malaysia,SOUTH-EASTERN ASIA,2016,2.090566595,350.992
Malaysia,SOUTH-EASTERN ASIA,2017,3.871201158,392.439
Malaysia,SOUTH-EASTERN ASIA,2018,0.884709161,437.428
Malaysia,SOUTH-EASTERN ASIA,2019,0.662891866,487.731
Malaysia,SOUTH-EASTERN ASIA,2020,-1.138702154,544.418
Malaysia,SOUTH-EASTERN ASIA,2021,2.477102415,371.114
Malaysia,SOUTH-EASTERN ASIA,2022,3.3,406
Malaysia,SOUTH-EASTERN ASIA,2023,2.8,420
Malaysia,SOUTH-EASTERN ASIA,2024,3,440
Malawi,SUB-SAHARAN AFRICA,2012,21.271265,7.156
Malawi,SUB-SAHARAN AFRICA,2013,27.28333333,8.296
Malawi,SUB-SAHARAN AFRICA,2014,23.79206495,9.679
Malawi,SUB-SAHARAN AFRICA,2015,21.86734755,6.388
Malawi,SUB-SAHARAN AFRICA,2016,21.71111321,6.149
Malawi,SUB-SAHARAN AFRICA,2017,11.54339392,6.489
Malawi,SUB-SAHARAN AFRICA,2018,12.42017811,6.898
Malawi,SUB-SAHARAN AFRICA,2019,9.370836056,7.374
Malawi,SUB-SAHARAN AFRICA,2020,8.625514697,7.912
Malawi,SUB-SAHARAN AFRICA,2021,9.330144108,12.15
Malawi,SUB-SAHARAN AFRICA,2022,9,12
Malawi,SUB-SAHARAN AFRICA,2023,10,13
Malawi,SUB-SAHARAN AFRICA,2024,11,14
Maldives,SOUTHERN ASIA,2012,10.88469566,1.666
Maldives,SOUTHERN ASIA,2013,3.805630009,1.784
Maldives,SOUTHERN ASIA,2014,2.120001757,1.914
Maldives,SOUTHERN ASIA,2015,0.953206659,3.031
Maldives,SOUTHERN ASIA,2016,0.502509414,3.228
Maldives,SOUTHERN ASIA,2017,2.817473382,3.483
Maldives,SOUTHERN ASIA,2018,-0.133373386,3.768
Maldives,SOUTHERN ASIA,2019,0.220029731,4.086
Maldives,SOUTHERN ASIA,2020,-1.369774256,4.434
Maldives,SOUTHERN ASIA,2021,0.543149689,4.573
Maldives,SOUTHERN ASIA,2022,3,5.5
Maldives,SOUTHERN ASIA,2023,3.5,6
Maldives,SOUTHERN ASIA,2024,4,6.5
Mali,SUB-SAHARAN AFRICA,2012,5.323128471,10.853
Mali,SUB-SAHARAN AFRICA,2013,-0.606736356,11.541
Mali,SUB-SAHARAN AFRICA,2014,0.883814547,12.333
Mali,SUB-SAHARAN AFRICA,2015,1.450690576,10.954
Mali,SUB-SAHARAN AFRICA,2016,-1.799647071,11.882
Mali,SUB-SAHARAN AFRICA,2017,1.759857429,12.913
Mali,SUB-SAHARAN AFRICA,2018,0.299546507,13.967
Mali,SUB-SAHARAN AFRICA,2019,-1.658266948,15.037
Mali,SUB-SAHARAN AFRICA,2020,0.43808894,16.13
Mali,SUB-SAHARAN AFRICA,2021,3.925602831,19.563
Mali,SUB-SAHARAN AFRICA,2022,3,19
Mali,SUB-SAHARAN AFRICA,2023,3.5,20
Mali,SUB-SAHARAN AFRICA,2024,4,21
Malta,SOUTHERN EUROPE,2012,2.375820578,8.85
Malta,SOUTHERN EUROPE,2013,1.180284364,9.254
Malta,SOUTHERN EUROPE,2014,0.310306472,9.668
Malta,SOUTHERN EUROPE,2015,1.100548264,9.19
Malta,SOUTHERN EUROPE,2016,0.642702772,9.721
Malta,SOUTHERN EUROPE,2017,1.364354482,10.343
Malta,SOUTHERN EUROPE,2018,1.157823625,10.997
Malta,SOUTHERN EUROPE,2019,1.642060018,11.656
Malta,SOUTHERN EUROPE,2020,0.638544957,12.432
Malta,SOUTHERN EUROPE,2021,1.497892179,16.695
Malta,SOUTHERN EUROPE,2022,6,17
Malta,SOUTHERN EUROPE,2023,5,18
Malta,SOUTHERN EUROPE,2024,4.5,19
Morocco,NORTHERN AFRICA,2012,1.287122401,112.455
Morocco,NORTHERN AFRICA,2013,1.880654667,120.288
Morocco,NORTHERN AFRICA,2014,0.442310054,128.427
Morocco,NORTHERN AFRICA,2015,1.557907113,103.075
Morocco,NORTHERN AFRICA,2016,1.635311143,109.912
Morocco,NORTHERN AFRICA,2017,0.754663249,117.551
Morocco,NORTHERN AFRICA,2018,1.803916711,126.147
Morocco,NORTHERN AFRICA,2019,0.303386037,135.994
Morocco,NORTHERN AFRICA,2020,0.705968661,146.854
Morocco,NORTHERN AFRICA,2021,1.40195884,126.035
Morocco,NORTHERN AFRICA,2022,6.6,142.9
Morocco,NORTHERN AFRICA,2023,5,150
Morocco,NORTHERN AFRICA,2024,3,160
Mauritius,SUB-SAHARAN AFRICA,2012,3.852160333,10.146
Mauritius,SUB-SAHARAN AFRICA,2013,3.543295739,10.847
Mauritius,SUB-SAHARAN AFRICA,2014,3.21769192,11.629
Mauritius,SUB-SAHARAN AFRICA,2015,1.286549708,11.567
Mauritius,SUB-SAHARAN AFRICA,2016,0.977675135,12.145
Mauritius,SUB-SAHARAN AFRICA,2017,3.666997027,12.902
Mauritius,SUB-SAHARAN AFRICA,2018,3.216053831,13.699
Mauritius,SUB-SAHARAN AFRICA,2019,0.40565519,14.526
Mauritius,SUB-SAHARAN AFRICA,2020,2.580800772,15.51
Mauritius,SUB-SAHARAN AFRICA,2021,4.028528882,10.998
Mauritius,SUB-SAHARAN AFRICA,2022,6,14
Mauritius,SUB-SAHARAN AFRICA,2023,4.5,15
Mauritius,SUB-SAHARAN AFRICA,2024,3,16
Mauritania,SUB-SAHARAN AFRICA,2012,4.902427272,4.949
Mauritania,SUB-SAHARAN AFRICA,2013,4.129101738,5.582
Mauritania,SUB-SAHARAN AFRICA,2014,3.534368561,6.045
Mauritania,SUB-SAHARAN AFRICA,2015,3.254726881,4.677
Mauritania,SUB-SAHARAN AFRICA,2016,1.471710457,4.794
Mauritania,SUB-SAHARAN AFRICA,2017,2.254276519,5.138
Mauritania,SUB-SAHARAN AFRICA,2018,3.067359961,5.514
Mauritania,SUB-SAHARAN AFRICA,2019,2.300092621,5.925
Mauritania,SUB-SAHARAN AFRICA,2020,2.385694885,6.291
Mauritania,SUB-SAHARAN AFRICA,2021,3.565164847,9.164
Mauritania,SUB-SAHARAN AFRICA,2022,8,10
Mauritania,SUB-SAHARAN AFRICA,2023,7,10.5
Mauritania,SUB-SAHARAN AFRICA,2024,6,11
Mexico,LATIN AMERICA AND THE CARIBBEAN,2012,4.111509811,1097.85
Mexico,LATIN AMERICA AND THE CARIBBEAN,2013,3.806390697,1186.61
Mexico,LATIN AMERICA AND THE CARIBBEAN,2014,4.018616081,1273.56
Mexico,LATIN AMERICA AND THE CARIBBEAN,2015,2.72064065,1161.48
Mexico,LATIN AMERICA AND THE CARIBBEAN,2016,2.821707847,1187.05
Mexico,LATIN AMERICA AND THE CARIBBEAN,2017,6.04145724,1251.25
Mexico,LATIN AMERICA AND THE CARIBBEAN,2018,4.899350154,1322.92
Mexico,LATIN AMERICA AND THE CARIBBEAN,2019,3.635961421,1404.92
Mexico,LATIN AMERICA AND THE CARIBBEAN,2020,3.396834156,1495.66
Mexico,LATIN AMERICA AND THE CARIBBEAN,2021,5.689208477,1285.52
Mexico,LATIN AMERICA AND THE CARIBBEAN,2022,7.8,1420
Mexico,LATIN AMERICA AND THE CARIBBEAN,2023,4.5,1500
Mexico,LATIN AMERICA AND THE CARIBBEAN,2024,3.5,1600
Mongolia,EASTERN ASIA,2012,14.33033483,5.775
Mongolia,EASTERN ASIA,2013,10.49065676,7.516
Mongolia,EASTERN ASIA,2014,12.25398081,7.595
Mongolia,EASTERN ASIA,2015,5.735682819,12.409
Mongolia,EASTERN ASIA,2016,0.733272227,12.96
Mongolia,EASTERN ASIA,2017,4.301431053,13.699
Mongolia,EASTERN ASIA,2018,6.824247901,14.82
Mongolia,EASTERN ASIA,2019,7.301069536,16.069
Mongolia,EASTERN ASIA,2020,3.796040261,17.871
Mongolia,EASTERN ASIA,2021,7.352812434,14.28
Mongolia,EASTERN ASIA,2022,14,18
Mongolia,EASTERN ASIA,2023,12,19
Mongolia,EASTERN ASIA,2024,10,20
Mozambique,SUB-SAHARAN AFRICA,2012,2.60245457,11.186
Mozambique,SUB-SAHARAN AFRICA,2013,4.261352509,12.031
Mozambique,SUB-SAHARAN AFRICA,2014,2.559748758,12.755
Mozambique,SUB-SAHARAN AFRICA,2015,3.550759674,16.985
Mozambique,SUB-SAHARAN AFRICA,2016,17.41804182,19.043
Mozambique,SUB-SAHARAN AFRICA,2017,15.11320739,21.244
Mozambique,SUB-SAHARAN AFRICA,2018,3.9113344,23.735
Mozambique,SUB-SAHARAN AFRICA,2019,2.802703079,26.495
Mozambique,SUB-SAHARAN AFRICA,2020,3.483935675,32.223
Mozambique,SUB-SAHARAN AFRICA,2021,6.40847653,15.833
Mozambique,SUB-SAHARAN AFRICA,2022,6,17
Mozambique,SUB-SAHARAN AFRICA,2023,5,18
Mozambique,SUB-SAHARAN AFRICA,2024,4.5,19
Myanmar,SOUTH-EASTERN ASIA,2012,1.467583227,30.733
Myanmar,SOUTH-EASTERN ASIA,2013,5.643038834,32.286
Myanmar,SOUTH-EASTERN ASIA,2014,4.953299185,33.92
Myanmar,SOUTH-EASTERN ASIA,2015,9.454171895,65.775
Myanmar,SOUTH-EASTERN ASIA,2016,6.928825258,71.275
Myanmar,SOUTH-EASTERN ASIA,2017,4.572536553,79.046
Myanmar,SOUTH-EASTERN ASIA,2018,6.872328657,87.474
Myanmar,SOUTH-EASTERN ASIA,2019,8.825066968,96.408
Myanmar,SOUTH-EASTERN ASIA,2020,0,106.221
Myanmar,SOUTH-EASTERN ASIA,2021,0,66.74
Myanmar,SOUTH-EASTERN ASIA,2022,6,65
Myanmar,SOUTH-EASTERN ASIA,2023,5,68
Myanmar,SOUTH-EASTERN ASIA,2024,4.5,70
Namibia,SUB-SAHARAN AFRICA,2012,6.721997773,9.865
Namibia,SUB-SAHARAN AFRICA,2013,5.600925023,10.138
Namibia,SUB-SAHARAN AFRICA,2014,5.350169669,10.414
Namibia,SUB-SAHARAN AFRICA,2015,3.394015384,12.855
Namibia,SUB-SAHARAN AFRICA,2016,6.728582346,13.703
Namibia,SUB-SAHARAN AFRICA,2017,6.145799811,14.924
Namibia,SUB-SAHARAN AFRICA,2018,4.291591053,16.215
Namibia,SUB-SAHARAN AFRICA,2019,3.722394144,17.37
Namibia,SUB-SAHARAN AFRICA,2020,2.209382369,18.661
Namibia,SUB-SAHARAN AFRICA,2021,3.616905301,12.213
Namibia,SUB-SAHARAN AFRICA,2022,5,13
Namibia,SUB-SAHARAN AFRICA,2023,4.5,14
Namibia,SUB-SAHARAN AFRICA,2024,4,15
Nepal,SOUTHERN ASIA,2012,9.459809804,19.097
Nepal,SOUTHERN ASIA,2013,9.040163119,20.855
Nepal,SOUTHERN ASIA,2014,8.364154697,22.757
Nepal,SOUTHERN ASIA,2015,7.868908956,21.356
Nepal,SOUTHERN ASIA,2016,8.79034332,24.067
Nepal,SOUTHERN ASIA,2017,3.627096107,26.388
Nepal,SOUTHERN ASIA,2018,4.061163388,28.555
Nepal,SOUTHERN ASIA,2019,5.568685478,30.271
Nepal,SOUTHERN ASIA,2020,5.052366553,32.1
Nepal,SOUTHERN ASIA,2021,4.149680034,34.265
Nepal,SOUTHERN ASIA,2022,7,40
Nepal,SOUTHERN ASIA,2023,6,42
Nepal,SOUTHERN ASIA,2024,5.5,44
Nicaragua,LATIN AMERICA AND THE CARIBBEAN,2012,7.193550533,6.589
Nicaragua,LATIN AMERICA AND THE CARIBBEAN,2013,7.135467853,6.851
Nicaragua,LATIN AMERICA AND THE CARIBBEAN,2014,6.035968618,7.125
Nicaragua,LATIN AMERICA AND THE CARIBBEAN,2015,3.997379967,12.321
Nicaragua,LATIN AMERICA AND THE CARIBBEAN,2016,3.523173176,13.089
Nicaragua,LATIN AMERICA AND THE CARIBBEAN,2017,3.850671663,13.872
Nicaragua,LATIN AMERICA AND THE CARIBBEAN,2018,4.94723728,14.702
Nicaragua,LATIN AMERICA AND THE CARIBBEAN,2019,5.376289908,15.581
Nicaragua,LATIN AMERICA AND THE CARIBBEAN,2020,3.681813416,16.513
Nicaragua,LATIN AMERICA AND THE CARIBBEAN,2021,4.928413969,13.397
Nicaragua,LATIN AMERICA AND THE CARIBBEAN,2022,6,15
Nicaragua,LATIN AMERICA AND THE CARIBBEAN,2023,5,16
Nicaragua,LATIN AMERICA AND THE CARIBBEAN,2024,4.5,17
Niger,SUB-SAHARAN AFRICA,2012,0.45508982,7.099
Niger,SUB-SAHARAN AFRICA,2013,2.29723115,7.565
Niger,SUB-SAHARAN AFRICA,2014,-0.93028726,8.076
Niger,SUB-SAHARAN AFRICA,2015,-0.57609037,7.119
Niger,SUB-SAHARAN AFRICA,2016,1.653889224,7.652
Niger,SUB-SAHARAN AFRICA,2017,2.796373189,8.479
Niger,SUB-SAHARAN AFRICA,2018,2.96760366,9.378
Niger,SUB-SAHARAN AFRICA,2019,-2.489792651,10.274
Niger,SUB-SAHARAN AFRICA,2020,2.89819376,11.4
Niger,SUB-SAHARAN AFRICA,2021,3.837868028,15.637
Niger,SUB-SAHARAN AFRICA,2022,3,14
Niger,SUB-SAHARAN AFRICA,2023,3.5,15
Niger,SUB-SAHARAN AFRICA,2024,4,16
Nigeria,SUB-SAHARAN AFRICA,2012,12.2242413,215.126
Nigeria,SUB-SAHARAN AFRICA,2013,8.495518383,232.736
Nigeria,SUB-SAHARAN AFRICA,2014,8.04741088,251.306
Nigeria,SUB-SAHARAN AFRICA,2015,9.00943498,492.986
Nigeria,SUB-SAHARAN AFRICA,2016,15.69681264,484.895
Nigeria,SUB-SAHARAN AFRICA,2017,16.50226621,508.528
Nigeria,SUB-SAHARAN AFRICA,2018,12.09510652,534.715
Nigeria,SUB-SAHARAN AFRICA,2019,11.39642234,565.231
Nigeria,SUB-SAHARAN AFRICA,2020,13.24602343,594.992
Nigeria,SUB-SAHARAN AFRICA,2021,16.95284572,480.482
Nigeria,SUB-SAHARAN AFRICA,2022,15,477.4
Nigeria,SUB-SAHARAN AFRICA,2023,22,500
Nigeria,SUB-SAHARAN AFRICA,2024,20,530
Norway,NORTHERN EUROPE,2012,0.696864111,428.127
Norway,NORTHERN EUROPE,2013,2.120486204,441.282
Norway,NORTHERN EUROPE,2014,2.041702867,454.533
Norway,NORTHERN EUROPE,2015,2.171136654,397.59
Norway,NORTHERN EUROPE,2016,3.55,394.776
Norway,NORTHERN EUROPE,2017,1.875100596,415.19
Norway,NORTHERN EUROPE,2018,2.764831345,436.472
Norway,NORTHERN EUROPE,2019,2.167730033,453.441
Norway,NORTHERN EUROPE,2020,1.286584907,470.99
Norway,NORTHERN EUROPE,2021,3.483880553,445.507
Norway,NORTHERN EUROPE,2022,5,579
Norway,NORTHERN EUROPE,2023,3,600
Norway,NORTHERN EUROPE,2024,2,620
New Zealand,AUSTRALIA AND NEW ZEALAND,2012,1.059913184,123.024
New Zealand,AUSTRALIA AND NEW ZEALAND,2013,1.134422664,126.316
New Zealand,AUSTRALIA AND NEW ZEALAND,2014,1.227507506,129.843
New Zealand,AUSTRALIA AND NEW ZEALAND,2015,0.292704628,170.59
New Zealand,AUSTRALIA AND NEW ZEALAND,2016,0.646240284,165.476
New Zealand,AUSTRALIA AND NEW ZEALAND,2017,1.850787675,172.115
New Zealand,AUSTRALIA AND NEW ZEALAND,2018,1.598297038,179.016
New Zealand,AUSTRALIA AND NEW ZEALAND,2019,1.619631902,185.929
New Zealand,AUSTRALIA AND NEW ZEALAND,2020,1.7145617,194.677
New Zealand,AUSTRALIA AND NEW ZEALAND,2021,3.941120608,247.64
New Zealand,AUSTRALIA AND NEW ZEALAND,2022,6.9,250
New Zealand,AUSTRALIA AND NEW ZEALAND,2023,6,260
New Zealand,AUSTRALIA AND NEW ZEALAND,2024,5,270
Oman,WESTERN ASIA,2012,2.947734953,67.539
Oman,WESTERN ASIA,2013,1.053548203,71.594
Oman,WESTERN ASIA,2014,1.014014839,76.1
Oman,WESTERN ASIA,2015,0.065290133,60.179
Oman,WESTERN ASIA,2016,1.109208058,60.632
Oman,WESTERN ASIA,2017,1.589094136,65.155
Oman,WESTERN ASIA,2018,0.889312371,69.107
Oman,WESTERN ASIA,2019,0.490815363,72.115
Oman,WESTERN ASIA,2020,-0.406402919,74.402
Oman,WESTERN ASIA,2021,1.682211859,80.611
Oman,WESTERN ASIA,2022,1,115
Oman,WESTERN ASIA,2023,1.5,120
Oman,WESTERN ASIA,2024,2,125
Netherlands,WESTERN EUROPE,2012,2.455547653,854.871
Netherlands,WESTERN EUROPE,2013,2.506898527,876.58
Netherlands,WESTERN EUROPE,2014,0.97603508,902.03
Netherlands,WESTERN EUROPE,2015,0.600248147,750.782
Netherlands,WESTERN EUROPE,2016,0.316666667,782.934
Netherlands,WESTERN EUROPE,2017,1.381458714,818.492
Netherlands,WESTERN EUROPE,2018,1.703497947,855.637
Netherlands,WESTERN EUROPE,2019,2.633699102,893.292
Netherlands,WESTERN EUROPE,2020,1.272460378,940.749
Netherlands,WESTERN EUROPE,2021,2.675720088,1007.56
Netherlands,WESTERN EUROPE,2022,9.6,990
Netherlands,WESTERN EUROPE,2023,3.6,1020
Netherlands,WESTERN EUROPE,2024,2,1050
Pakistan,SOUTHERN ASIA,2012,9.682351861,194.27
Pakistan,SOUTHERN ASIA,2013,7.692156119,205.926
Pakistan,SOUTHERN ASIA,2014,7.189384028,219.322
Pakistan,SOUTHERN ASIA,2015,2.529328173,270.961
Pakistan,SOUTHERN ASIA,2016,3.765119164,0
Pakistan,SOUTHERN ASIA,2017,4.08537368,0
Pakistan,SOUTHERN ASIA,2018,5.078057259,0
Pakistan,SOUTHERN ASIA,2019,10.5783618,0
Pakistan,SOUTHERN ASIA,2020,9.739993139,0
Pakistan,SOUTHERN ASIA,2021,9.496210561,0
Pakistan,SOUTHERN ASIA,2022,27.3,376.5
Pakistan,SOUTHERN ASIA,2023,31.5,400
Pakistan,SOUTHERN ASIA,2024,28,420
Panama,LATIN AMERICA AND THE CARIBBEAN,2012,5.698199592,31.968
Panama,LATIN AMERICA AND THE CARIBBEAN,2013,4.027159916,35.293
Panama,LATIN AMERICA AND THE CARIBBEAN,2014,2.626526999,38.809
Panama,LATIN AMERICA AND THE CARIBBEAN,2015,0.137492058,47.473
Panama,LATIN AMERICA AND THE CARIBBEAN,2016,0.739734025,51.525
Panama,LATIN AMERICA AND THE CARIBBEAN,2017,0.875585919,56.026
Panama,LATIN AMERICA AND THE CARIBBEAN,2018,0.761578359,61.149
Panama,LATIN AMERICA AND THE CARIBBEAN,2019,-0.355083821,66.299
Panama,LATIN AMERICA AND THE CARIBBEAN,2020,-1.550275408,71.679
Panama,LATIN AMERICA AND THE CARIBBEAN,2021,1.630703373,60.121
Panama,LATIN AMERICA AND THE CARIBBEAN,2022,3,76
Panama,LATIN AMERICA AND THE CARIBBEAN,2023,2.5,80
Panama,LATIN AMERICA AND THE CARIBBEAN,2024,2,85
Papua New Guinea,MELANESIA,2012,4.537205082,8.822
Papua New Guinea,MELANESIA,2013,4.96031746,9.077
Papua New Guinea,MELANESIA,2014,5.222117202,9.077
Papua New Guinea,MELANESIA,2015,5.995957781,17.995
Papua New Guinea,MELANESIA,2016,6.673728814,18.191
Papua New Guinea,MELANESIA,2017,5.42204568,18.924
Papua New Guinea,MELANESIA,2018,4.374489215,19.858
Papua New Guinea,MELANESIA,2019,3.928672909,21.043
Papua New Guinea,MELANESIA,2020,4.871673986,22.366
Papua New Guinea,MELANESIA,2021,4.48359014,26.461
Papua New Guinea,MELANESIA,2022,4,27
Papua New Guinea,MELANESIA,2023,3.5,28
Papua New Guinea,MELANESIA,2024,3,29
Paraguay,LATIN AMERICA AND THE CARIBBEAN,2012,3.67591898,15.939
Paraguay,LATIN AMERICA AND THE CARIBBEAN,2013,2.683857387,17.257
Paraguay,LATIN AMERICA AND THE CARIBBEAN,2014,5.028827675,18.788
Paraguay,LATIN AMERICA AND THE CARIBBEAN,2015,3.129002745,29.065
Paraguay,LATIN AMERICA AND THE CARIBBEAN,2016,4.086822806,30.094
Paraguay,LATIN AMERICA AND THE CARIBBEAN,2017,3.602477413,31.441
Paraguay,LATIN AMERICA AND THE CARIBBEAN,2018,3.975610157,32.84
Paraguay,LATIN AMERICA AND THE CARIBBEAN,2019,2.757097276,34.237
Paraguay,LATIN AMERICA AND THE CARIBBEAN,2020,1.767515924,35.722
Paraguay,LATIN AMERICA AND THE CARIBBEAN,2021,4.787983101,36.973
Paraguay,LATIN AMERICA AND THE CARIBBEAN,2022,8,40
Paraguay,LATIN AMERICA AND THE CARIBBEAN,2023,7,42
Paraguay,LATIN AMERICA AND THE CARIBBEAN,2024,6,44
Peru,LATIN AMERICA AND THE CARIBBEAN,2012,3.611212949,142.051
Peru,LATIN AMERICA AND THE CARIBBEAN,2013,2.767896661,152.802
Peru,LATIN AMERICA AND THE CARIBBEAN,2014,3.411945798,164.355
Peru,LATIN AMERICA AND THE CARIBBEAN,2015,3.398091947,179.911
Peru,LATIN AMERICA AND THE CARIBBEAN,2016,3.557176636,180.375
Peru,LATIN AMERICA AND THE CARIBBEAN,2017,2.994900458,193.59
Peru,LATIN AMERICA AND THE CARIBBEAN,2018,1.50915423,207.923
Peru,LATIN AMERICA AND THE CARIBBEAN,2019,2.252121914,221.314
Peru,LATIN AMERICA AND THE CARIBBEAN,2020,2.002412058,235.091
Peru,LATIN AMERICA AND THE CARIBBEAN,2021,4.271663815,225.858
Peru,LATIN AMERICA AND THE CARIBBEAN,2022,6,268
Peru,LATIN AMERICA AND THE CARIBBEAN,2023,4.5,280
Peru,LATIN AMERICA AND THE CARIBBEAN,2024,4,290
Poland,EASTERN EUROPE,2012,3.560371517,476.825
Poland,EASTERN EUROPE,2013,0.991982606,504.989
Poland,EASTERN EUROPE,2014,0.053821313,535.655
Poland,EASTERN EUROPE,2015,-0.874125874,481.235
Poland,EASTERN EUROPE,2016,-0.664767331,508.857
Poland,EASTERN EUROPE,2017,2.075935537,540.186
Poland,EASTERN EUROPE,2018,1.812951565,577.055
Poland,EASTERN EUROPE,2019,2.227478809,617.513
Poland,EASTERN EUROPE,2020,3.374469726,663.519
Poland,EASTERN EUROPE,2021,5.055027047,655.332
Poland,EASTERN EUROPE,2022,14.3,748
Poland,EASTERN EUROPE,2023,14.3,780
Poland,EASTERN EUROPE,2024,10,810
Portugal,SOUTHERN EUROPE,2012,2.773338541,236.978
Portugal,SOUTHERN EUROPE,2013,0.274416667,242.136
Portugal,SOUTHERN EUROPE,2014,-0.278153367,246.824
Portugal,SOUTHERN EUROPE,2015,0.487938624,197.51
Portugal,SOUTHERN EUROPE,2016,0.607397075,204.186
Portugal,SOUTHERN EUROPE,2017,1.368614116,212.015
Portugal,SOUTHERN EUROPE,2018,0.993715683,219.857
Portugal,SOUTHERN EUROPE,2019,0.33817841,227.453
Portugal,SOUTHERN EUROPE,2020,-0.01243833,237.171
Portugal,SOUTHERN EUROPE,2021,1.265657191,251.709
Portugal,SOUTHERN EUROPE,2022,6,267
Portugal,SOUTHERN EUROPE,2023,0.3,280
Portugal,SOUTHERN EUROPE,2024,0.3,290
Qatar,WESTERN ASIA,2012,2.315348534,161.313
Qatar,WESTERN ASIA,2013,3.221977568,170.858
Qatar,WESTERN ASIA,2014,3.349720857,178.953
Qatar,WESTERN ASIA,2015,1.814077239,192.077
Qatar,WESTERN ASIA,2016,2.676591701,192.214
Qatar,WESTERN ASIA,2017,0.394878914,212.121
Qatar,WESTERN ASIA,2018,0.255815383,232.669
Qatar,WESTERN ASIA,2019,-0.666641125,251.129
Qatar,WESTERN ASIA,2020,-2.54031503,267.515
Qatar,WESTERN ASIA,2021,2.304465657,169.184
Qatar,WESTERN ASIA,2022,4,180
Qatar,WESTERN ASIA,2023,3,190
Qatar,WESTERN ASIA,2024,2.5,200
United Kingdom,NORTHERN EUROPE,2012,2.573234797,2611.27
United Kingdom,NORTHERN EUROPE,2013,2.291666667,2758.8
United Kingdom,NORTHERN EUROPE,2014,1.451120163,2919.12
United Kingdom,NORTHERN EUROPE,2015,0.368046842,2864.9
United Kingdom,NORTHERN EUROPE,2016,1.008417368,3054.84
United Kingdom,NORTHERN EUROPE,2017,2.557755776,3232.28
United Kingdom,NORTHERN EUROPE,2018,2.292839903,3425.54
United Kingdom,NORTHERN EUROPE,2019,1.738104601,3616.82
United Kingdom,NORTHERN EUROPE,2020,0.989486704,3851.98
United Kingdom,NORTHERN EUROPE,2021,2.518371096,3108.42
United Kingdom,NORTHERN EUROPE,2022,9.1,3070
United Kingdom,NORTHERN EUROPE,2023,7.9,3159
United Kingdom,NORTHERN EUROPE,2024,3.4,3320
Central African Republic,SUB-SAHARAN AFRICA,2012,5.478295943,2.428
Central African Republic,SUB-SAHARAN AFRICA,2013,6.98879342,2.599
Central African Republic,SUB-SAHARAN AFRICA,2014,14.89868418,2.776
Central African Republic,SUB-SAHARAN AFRICA,2015,1.402970171,1.624
Central African Republic,SUB-SAHARAN AFRICA,2016,4.945432761,1.84
Central African Republic,SUB-SAHARAN AFRICA,2017,4.180723319,2.096
Central African Republic,SUB-SAHARAN AFRICA,2018,1.61215687,2.371
Central African Republic,SUB-SAHARAN AFRICA,2019,2.685373553,2.637
Central African Republic,SUB-SAHARAN AFRICA,2020,1.710156595,2.916
Central African Republic,SUB-SAHARAN AFRICA,2021,4.259364175,2.587
Central African Republic,SUB-SAHARAN AFRICA,2022,6.3,2.5
Central African Republic,SUB-SAHARAN AFRICA,2023,5,2.6
Central African Republic,SUB-SAHARAN AFRICA,2024,4.5,2.7
Czech Republic,EASTERN EUROPE,2012,3.287623066,229.512
Czech Republic,EASTERN EUROPE,2013,1.438297872,245.565
Czech Republic,EASTERN EUROPE,2014,0.34398859,264.418
Czech Republic,EASTERN EUROPE,2015,0.309364548,182.462
Czech Republic,EASTERN EUROPE,2016,0.683504209,189.982
Czech Republic,EASTERN EUROPE,2017,2.450533985,196.987
Czech Republic,EASTERN EUROPE,2018,2.149494949,201.46
Czech Republic,EASTERN EUROPE,2019,2.847875959,203.527
Czech Republic,EASTERN EUROPE,2020,3.161295285,206.851
Czech Republic,EASTERN EUROPE,2021,3.839844915,276.914
Czech Republic,EASTERN EUROPE,2022,15.1,309
Czech Republic,EASTERN EUROPE,2023,10.7,343
Czech Republic,EASTERN EUROPE,2024,2,343
Moldova,EASTERN EUROPE,2012,4.546334274,5.3
Moldova,EASTERN EUROPE,2013,4.597878974,5.634
Moldova,EASTERN EUROPE,2014,5.088785546,6.052
Moldova,EASTERN EUROPE,2015,9.676240331,6.188
Moldova,EASTERN EUROPE,2016,6.35930898,6.498
Moldova,EASTERN EUROPE,2017,6.570229975,7.009
Moldova,EASTERN EUROPE,2018,3.045053973,7.567
Moldova,EASTERN EUROPE,2019,4.837783514,8.235
Moldova,EASTERN EUROPE,2020,3.765971222,8.998
Moldova,EASTERN EUROPE,2021,5.10641129,12.396
Moldova,EASTERN EUROPE,2022,28.7,15
Moldova,EASTERN EUROPE,2023,13.9,17
Moldova,EASTERN EUROPE,2024,9.1,17
Dominican Republic,LATIN AMERICA AND THE CARIBBEAN,2012,3.694497079,51.474
Dominican Republic,LATIN AMERICA AND THE CARIBBEAN,2013,4.830950967,54.91
Dominican Republic,LATIN AMERICA AND THE CARIBBEAN,2014,2.998642261,58.575
Dominican Republic,LATIN AMERICA AND THE CARIBBEAN,2015,0.836746347,66.575
Dominican Republic,LATIN AMERICA AND THE CARIBBEAN,2016,1.614166072,69.908
Dominican Republic,LATIN AMERICA AND THE CARIBBEAN,2017,3.279556947,73.41
Dominican Republic,LATIN AMERICA AND THE CARIBBEAN,2018,3.56443426,77.088
Dominican Republic,LATIN AMERICA AND THE CARIBBEAN,2019,1.81060377,80.95
Dominican Republic,LATIN AMERICA AND THE CARIBBEAN,2020,3.781031799,85.005
Dominican Republic,LATIN AMERICA AND THE CARIBBEAN,2021,8.24300348,89.502
Dominican Republic,LATIN AMERICA AND THE CARIBBEAN,2022,8.8,114
Dominican Republic,LATIN AMERICA AND THE CARIBBEAN,2023,4.8,121
Dominican Republic,LATIN AMERICA AND THE CARIBBEAN,2024,3.2,130
Romania,EASTERN EUROPE,2012,3.334922677,211.43
Romania,EASTERN EUROPE,2013,3.984712355,243.392
Romania,EASTERN EUROPE,2014,1.068309877,274.083
Romania,EASTERN EUROPE,2015,-0.594156437,174.922
Romania,EASTERN EUROPE,2016,-1.544796668,183.37
Romania,EASTERN EUROPE,2017,1.339021211,196.786
Romania,EASTERN EUROPE,2018,4.625484431,211.094
Romania,EASTERN EUROPE,2019,3.827854326,225.12
Romania,EASTERN EUROPE,2020,2.631073112,242.889
Romania,EASTERN EUROPE,2021,5.052328761,287.279
Romania,EASTERN EUROPE,2022,13.8,296
Romania,EASTERN EUROPE,2023,10.4,351
Romania,EASTERN EUROPE,2024,4.9,357
Rwanda,SUB-SAHARAN AFRICA,2012,10.27101823,6.182
Rwanda,SUB-SAHARAN AFRICA,2013,5.92426868,6.697
Rwanda,SUB-SAHARAN AFRICA,2014,2.354490528,7.251
Rwanda,SUB-SAHARAN AFRICA,2015,2.528502842,8.468
Rwanda,SUB-SAHARAN AFRICA,2016,7.17434302,9.228
Rwanda,SUB-SAHARAN AFRICA,2017,8.279536723,10.091
Rwanda,SUB-SAHARAN AFRICA,2018,-0.31121016,11.105
Rwanda,SUB-SAHARAN AFRICA,2019,3.34787655,12.132
Rwanda,SUB-SAHARAN AFRICA,2020,9.850399023,13.335
Rwanda,SUB-SAHARAN AFRICA,2021,-0.391346748,10.395
Rwanda,SUB-SAHARAN AFRICA,2022,15.4,13
Rwanda,SUB-SAHARAN AFRICA,2023,9.2,14
Rwanda,SUB-SAHARAN AFRICA,2024,6.5,15
Senegal,SUB-SAHARAN AFRICA,2012,1.418228712,15.422
Senegal,SUB-SAHARAN AFRICA,2013,0.710245487,16.412
Senegal,SUB-SAHARAN AFRICA,2014,-1.090255074,17.473
Senegal,SUB-SAHARAN AFRICA,2015,0.135211934,13.988
Senegal,SUB-SAHARAN AFRICA,2016,0.837284943,15.197
Senegal,SUB-SAHARAN AFRICA,2017,1.318153148,16.744
Senegal,SUB-SAHARAN AFRICA,2018,0.460985642,18.504
Senegal,SUB-SAHARAN AFRICA,2019,1.760111512,20.464
Senegal,SUB-SAHARAN AFRICA,2020,2.543146857,22.828
Senegal,SUB-SAHARAN AFRICA,2021,2.180322781,27.576
Senegal,SUB-SAHARAN AFRICA,2022,9.7,27
Senegal,SUB-SAHARAN AFRICA,2023,7,29
Senegal,SUB-SAHARAN AFRICA,2024,5,31
Serbia,SOUTHERN EUROPE,2012,7.330385896,51.111
Serbia,SOUTHERN EUROPE,2013,7.694263629,55.836
Serbia,SOUTHERN EUROPE,2014,2.082447939,61.11
Serbia,SOUTHERN EUROPE,2015,1.39235822,36.555
Serbia,SOUTHERN EUROPE,2016,1.122313974,37.74
Serbia,SOUTHERN EUROPE,2017,3.131062486,39.804
Serbia,SOUTHERN EUROPE,2018,1.959840763,42.946
Serbia,SOUTHERN EUROPE,2019,1.849229845,46.258
Serbia,SOUTHERN EUROPE,2020,1.575532901,50.031
Serbia,SOUTHERN EUROPE,2021,4.085102853,60.669
Serbia,SOUTHERN EUROPE,2022,12,67
Serbia,SOUTHERN EUROPE,2023,12.4,81
Serbia,SOUTHERN EUROPE,2024,8,85
Seychelles,SUB-SAHARAN AFRICA,2012,7.110370623,0.931
Seychelles,SUB-SAHARAN AFRICA,2013,4.338938483,1.011
Seychelles,SUB-SAHARAN AFRICA,2014,1.385834546,1.084
Seychelles,SUB-SAHARAN AFRICA,2015,4.041944107,1.375
Seychelles,SUB-SAHARAN AFRICA,2016,-1.015481917,1.471
Seychelles,SUB-SAHARAN AFRICA,2017,2.856795756,1.555
Seychelles,SUB-SAHARAN AFRICA,2018,3.702918391,1.649
Seychelles,SUB-SAHARAN AFRICA,2019,1.807094008,1.738
Seychelles,SUB-SAHARAN AFRICA,2020,1.20266464,1.825
Seychelles,SUB-SAHARAN AFRICA,2021,9.76909937,1.288
Seychelles,SUB-SAHARAN AFRICA,2022,3.9,1.6
Seychelles,SUB-SAHARAN AFRICA,2023,2.5,1.7
Seychelles,SUB-SAHARAN AFRICA,2024,1.7,1.8
Sierra Leone,SUB-SAHARAN AFRICA,2012,6.587762394,2.534
Sierra Leone,SUB-SAHARAN AFRICA,2013,5.52412878,2.704
Sierra Leone,SUB-SAHARAN AFRICA,2014,4.639311714,2.871
Sierra Leone,SUB-SAHARAN AFRICA,2015,6.689435625,4.266
Sierra Leone,SUB-SAHARAN AFRICA,2016,10.88606094,4.563
Sierra Leone,SUB-SAHARAN AFRICA,2017,18.2215094,4.918
Sierra Leone,SUB-SAHARAN AFRICA,2018,16.02954477,5.37
Sierra Leone,SUB-SAHARAN AFRICA,2019,14.80499909,5.865
Sierra Leone,SUB-SAHARAN AFRICA,2020,13.44687111,6.373
Sierra Leone,SUB-SAHARAN AFRICA,2021,11.87395888,4.407
Sierra Leone,SUB-SAHARAN AFRICA,2022,27.2,4
Sierra Leone,SUB-SAHARAN AFRICA,2023,20,4.3
Sierra Leone,SUB-SAHARAN AFRICA,2024,10.7,4.6
Singapore,SOUTH-EASTERN ASIA,2012,4.575602704,195.882
Singapore,SOUTH-EASTERN ASIA,2013,2.358604154,205.994
Singapore,SOUTH-EASTERN ASIA,2014,1.02514803,216.372
Singapore,SOUTH-EASTERN ASIA,2015,-0.522618167,293.959
Singapore,SOUTH-EASTERN ASIA,2016,-0.53226874,308.716
Singapore,SOUTH-EASTERN ASIA,2017,0.57626031,328.299
Singapore,SOUTH-EASTERN ASIA,2018,0.438620118,348.796
Singapore,SOUTH-EASTERN ASIA,2019,0.565260569,370.063
Singapore,SOUTH-EASTERN ASIA,2020,-0.181916667,394.977
Singapore,SOUTH-EASTERN ASIA,2021,2.30485959,378.645
Singapore,SOUTH-EASTERN ASIA,2022,6.1,466
Singapore,SOUTH-EASTERN ASIA,2023,5.5,501
Singapore,SOUTH-EASTERN ASIA,2024,2.4,540
Sri Lanka,SOUTHERN ASIA,2012,7.542913732,44.443
Sri Lanka,SOUTHERN ASIA,2013,6.908450348,47.671
Sri Lanka,SOUTHERN ASIA,2014,3.179002282,51.097
Sri Lanka,SOUTHERN ASIA,2015,3.768367831,79.524
Sri Lanka,SOUTHERN ASIA,2016,3.958888466,86.302
Sri Lanka,SOUTHERN ASIA,2017,7.704137679,94.209
Sri Lanka,SOUTHERN ASIA,2018,2.135037737,102.841
Sri Lanka,SOUTHERN ASIA,2019,3.528393582,112.264
Sri Lanka,SOUTHERN ASIA,2020,6.153945084,122.55
Sri Lanka,SOUTHERN ASIA,2021,7.014780712,80.785
Sri Lanka,SOUTHERN ASIA,2022,46.4,77
Sri Lanka,SOUTHERN ASIA,2023,12,84
Sri Lanka,SOUTHERN ASIA,2024,6.5,90
South Africa,SUB-SAHARAN AFRICA,2012,5.724657917,314.635
South Africa,SUB-SAHARAN AFRICA,2013,5.784469097,331.801
South Africa,SUB-SAHARAN AFRICA,2014,6.129837703,349.581
South Africa,SUB-SAHARAN AFRICA,2015,4.540642277,317.285
South Africa,SUB-SAHARAN AFRICA,2016,6.571396422,326.541
South Africa,SUB-SAHARAN AFRICA,2017,5.184246648,340.529
South Africa,SUB-SAHARAN AFRICA,2018,4.517165228,357.046
South Africa,SUB-SAHARAN AFRICA,2019,4.12024587,374.482
South Africa,SUB-SAHARAN AFRICA,2020,3.210035975,394.715
South Africa,SUB-SAHARAN AFRICA,2021,4.611672178,415.315
South Africa,SUB-SAHARAN AFRICA,2022,7.2,399
South Africa,SUB-SAHARAN AFRICA,2023,5.9,505
South Africa,SUB-SAHARAN AFRICA,2024,4.5,420
Sudan,NORTHERN AFRICA,2012,35.55905741,80.811
Sudan,NORTHERN AFRICA,2013,36.52234491,90.739
Sudan,NORTHERN AFRICA,2014,36.90664279,98.222
Sudan,NORTHERN AFRICA,2015,16.90957061,84.331
Sudan,NORTHERN AFRICA,2016,17.75025383,85.222
Sudan,NORTHERN AFRICA,2017,32.3516261,93.817
Sudan,NORTHERN AFRICA,2018,63.29250735,101.047
Sudan,NORTHERN AFRICA,2019,50.9940515,109.358
Sudan,NORTHERN AFRICA,2020,163.2577824,117.403
Sudan,NORTHERN AFRICA,2021,359.0930408,35.919
Sudan,NORTHERN AFRICA,2022,138,52
Sudan,NORTHERN AFRICA,2023,100,55
Sudan,NORTHERN AFRICA,2024,80,58
Sweden,NORTHERN EUROPE,2012,0.888377507,495.682
Sweden,NORTHERN EUROPE,2013,-0.04429297,521.545
Sweden,NORTHERN EUROPE,2014,-0.179638494,547.595
Sweden,NORTHERN EUROPE,2015,-0.046784745,483.724
Sweden,NORTHERN EUROPE,2016,0.984269245,499.179
Sweden,NORTHERN EUROPE,2017,1.794499047,519.636
Sweden,NORTHERN EUROPE,2018,1.953535301,541.467
Sweden,NORTHERN EUROPE,2019,1.784150974,562.124
Sweden,NORTHERN EUROPE,2020,0.497367319,585.743
Sweden,NORTHERN EUROPE,2021,2.163197364,622.365
Sweden,NORTHERN EUROPE,2022,8.4,603
Sweden,NORTHERN EUROPE,2023,6,620
Sweden,NORTHERN EUROPE,2024,3,640
Switzerland,WESTERN EUROPE,2012,-0.692552018,514.088
Switzerland,WESTERN EUROPE,2013,-0.217323155,520.368
Switzerland,WESTERN EUROPE,2014,-0.013202539,525.688
Switzerland,WESTERN EUROPE,2015,-1.143908672,676.979
Switzerland,WESTERN EUROPE,2016,-0.434618664,687.591
Switzerland,WESTERN EUROPE,2017,0.53378784,707.527
Switzerland,WESTERN EUROPE,2018,0.936335464,727.226
Switzerland,WESTERN EUROPE,2019,0.36288618,746.28
Switzerland,WESTERN EUROPE,2020,-0.725874933,770.927
Switzerland,WESTERN EUROPE,2021,0.581814168,810.83
Switzerland,WESTERN EUROPE,2022,2.8,807
Switzerland,WESTERN EUROPE,2023,2.2,824
Switzerland,WESTERN EUROPE,2024,1.5,850
Suriname,LATIN AMERICA AND THE CARIBBEAN,2012,5.006863194,4.514
Suriname,LATIN AMERICA AND THE CARIBBEAN,2013,1.923436041,5.386
Suriname,LATIN AMERICA AND THE CARIBBEAN,2014,3.383412727,6.259
Suriname,LATIN AMERICA AND THE CARIBBEAN,2015,6.893903592,5.05
Suriname,LATIN AMERICA AND THE CARIBBEAN,2016,55.41238798,5.187
Suriname,LATIN AMERICA AND THE CARIBBEAN,2017,21.99694302,5.744
Suriname,LATIN AMERICA AND THE CARIBBEAN,2018,0,6.251
Suriname,LATIN AMERICA AND THE CARIBBEAN,2019,0,6.738
Suriname,LATIN AMERICA AND THE CARIBBEAN,2020,34.88978431,7.266
Suriname,LATIN AMERICA AND THE CARIBBEAN,2021,59.11966263,2.817
Suriname,LATIN AMERICA AND THE CARIBBEAN,2022,54.6,10
Suriname,LATIN AMERICA AND THE CARIBBEAN,2023,35,11
Suriname,LATIN AMERICA AND THE CARIBBEAN,2024,25,12
Thailand,SOUTH-EASTERN ASIA,2012,3.014899503,322.009
Thailand,SOUTH-EASTERN ASIA,2013,2.184886185,347.815
Thailand,SOUTH-EASTERN ASIA,2014,1.895141819,375.689
Thailand,SOUTH-EASTERN ASIA,2015,-0.900424963,373.536
Thailand,SOUTH-EASTERN ASIA,2016,0.188149704,393.019
Thailand,SOUTH-EASTERN ASIA,2017,0.665631893,411.266
Thailand,SOUTH-EASTERN ASIA,2018,1.063897542,432.409
Thailand,SOUTH-EASTERN ASIA,2019,0.706728601,454.082
Thailand,SOUTH-EASTERN ASIA,2020,-0.845937147,473.997
Thailand,SOUTH-EASTERN ASIA,2021,1.230395413,546.223
Thailand,SOUTH-EASTERN ASIA,2022,6.1,536
Thailand,SOUTH-EASTERN ASIA,2023,2.5,570
Thailand,SOUTH-EASTERN ASIA,2024,1.5,600
Tanzania,SUB-SAHARAN AFRICA,2012,16.00109385,27.901
Tanzania,SUB-SAHARAN AFRICA,2013,7.870723646,30.515
Tanzania,SUB-SAHARAN AFRICA,2014,6.13161433,33.392
Tanzania,SUB-SAHARAN AFRICA,2015,5.58816953,46.192
Tanzania,SUB-SAHARAN AFRICA,2016,5.174766293,46.873
Tanzania,SUB-SAHARAN AFRICA,2017,5.318716052,50.347
Tanzania,SUB-SAHARAN AFRICA,2018,3.494458489,54.761
Tanzania,SUB-SAHARAN AFRICA,2019,3.46428058,59.349
Tanzania,SUB-SAHARAN AFRICA,2020,3.290290628,64.145
Tanzania,SUB-SAHARAN AFRICA,2021,3.690919588,69.238
Tanzania,SUB-SAHARAN AFRICA,2022,4.3,71
Tanzania,SUB-SAHARAN AFRICA,2023,4,75
Tanzania,SUB-SAHARAN AFRICA,2024,3.5,80
Tajikistan,CENTRAL ASIA,2012,5.83116601,6.342
Tajikistan,CENTRAL ASIA,2013,5.009646453,7.325
Tajikistan,CENTRAL ASIA,2014,6.104427651,8.713
Tajikistan,CENTRAL ASIA,2015,5.714559496,8.045
Tajikistan,CENTRAL ASIA,2016,6.004580823,7.97
Tajikistan,CENTRAL ASIA,2017,0,8.589
Tajikistan,CENTRAL ASIA,2018,0,9.328
Tajikistan,CENTRAL ASIA,2019,0,10.182
Tajikistan,CENTRAL ASIA,2020,0,11.111
Tajikistan,CENTRAL ASIA,2021,0,8.104
Tajikistan,CENTRAL ASIA,2022,8.3,11
Tajikistan,CENTRAL ASIA,2023,6.5,12
Tajikistan,CENTRAL ASIA,2024,5,13
Togo,SUB-SAHARAN AFRICA,2012,2.577181741,3.247
Togo,SUB-SAHARAN AFRICA,2013,1.825394759,3.409
Togo,SUB-SAHARAN AFRICA,2014,0.190875076,3.603
Togo,SUB-SAHARAN AFRICA,2015,2.585003908,4.152
Togo,SUB-SAHARAN AFRICA,2016,1.285448471,4.499
Togo,SUB-SAHARAN AFRICA,2017,-0.981889869,4.918
Togo,SUB-SAHARAN AFRICA,2018,0.927755426,5.367
Togo,SUB-SAHARAN AFRICA,2019,0.67465277,5.836
Togo,SUB-SAHARAN AFRICA,2020,1.699284633,6.394
Togo,SUB-SAHARAN AFRICA,2021,4.186215065,8.493
Togo,SUB-SAHARAN AFRICA,2022,7.6,8.5
Togo,SUB-SAHARAN AFRICA,2023,6,9
Togo,SUB-SAHARAN AFRICA,2024,4.5,9.5
Trinidad and Tobago,LATIN AMERICA AND THE CARIBBEAN,2012,9.260281371,32.868
Trinidad and Tobago,LATIN AMERICA AND THE CARIBBEAN,2013,5.199817405,35.857
Trinidad and Tobago,LATIN AMERICA AND THE CARIBBEAN,2014,5.684418146,38.656
Trinidad and Tobago,LATIN AMERICA AND THE CARIBBEAN,2015,4.661215981,27.668
Trinidad and Tobago,LATIN AMERICA AND THE CARIBBEAN,2016,3.070667425,28.321
Trinidad and Tobago,LATIN AMERICA AND THE CARIBBEAN,2017,1.880384402,30.022
Trinidad and Tobago,LATIN AMERICA AND THE CARIBBEAN,2018,1.018569302,31.906
Trinidad and Tobago,LATIN AMERICA AND THE CARIBBEAN,2019,1.00054293,33.896
Trinidad and Tobago,LATIN AMERICA AND THE CARIBBEAN,2020,0.598986331,36.113
Trinidad and Tobago,LATIN AMERICA AND THE CARIBBEAN,2021,2.059227469,21.599
Trinidad and Tobago,LATIN AMERICA AND THE CARIBBEAN,2022,5.8,31
Trinidad and Tobago,LATIN AMERICA AND THE CARIBBEAN,2023,4.5,33
Trinidad and Tobago,LATIN AMERICA AND THE CARIBBEAN,2024,3.5,35
Tunisia,NORTHERN AFRICA,2012,4.611844322,46.93
Tunisia,NORTHERN AFRICA,2013,5.316235313,49.8
Tunisia,NORTHERN AFRICA,2014,4.625550995,53.775
Tunisia,NORTHERN AFRICA,2015,4.437371273,44.272
Tunisia,NORTHERN AFRICA,2016,3.629399374,44.584
Tunisia,NORTHERN AFRICA,2017,5.308848396,45.629
Tunisia,NORTHERN AFRICA,2018,7.30759176,46.962
Tunisia,NORTHERN AFRICA,2019,6.720075329,50.171
Tunisia,NORTHERN AFRICA,2020,5.634151159,53.537
Tunisia,NORTHERN AFRICA,2021,5.706350208,42.733
Tunisia,NORTHERN AFRICA,2022,8.3,46
Tunisia,NORTHERN AFRICA,2023,7,48
Tunisia,NORTHERN AFRICA,2024,6,50
Turkmenistan,CENTRAL ASIA,2012,0,0
Turkmenistan,CENTRAL ASIA,2013,0,0
Turkmenistan,CENTRAL ASIA,2014,0,0
Turkmenistan,CENTRAL ASIA,2015,0,44.362
Turkmenistan,CENTRAL ASIA,2016,0,51.271
Turkmenistan,CENTRAL ASIA,2017,0,58.193
Turkmenistan,CENTRAL ASIA,2018,0,65.462
Turkmenistan,CENTRAL ASIA,2019,0,73.974
Turkmenistan,CENTRAL ASIA,2020,0,83.993
Turkmenistan,CENTRAL ASIA,2021,0,53.087
Turkmenistan,CENTRAL ASIA,2022,14,45
Turkmenistan,CENTRAL ASIA,2023,10,47
Turkmenistan,CENTRAL ASIA,2024,8,49
Turkey,WESTERN ASIA,2012,8.891569965,638.419
Turkey,WESTERN ASIA,2013,7.493090305,673.753
Turkey,WESTERN ASIA,2014,8.854572714,710.833
Turkey,WESTERN ASIA,2015,7.670853648,722.219
Turkey,WESTERN ASIA,2016,7.775134153,721.167
Turkey,WESTERN ASIA,2017,11.14431108,761.44
Turkey,WESTERN ASIA,2018,16.3324639,804.563
Turkey,WESTERN ASIA,2019,15.17682157,851.773
Turkey,WESTERN ASIA,2020,12.27895745,905.844
Turkey,WESTERN ASIA,2021,19.59649269,795.952
Turkey,WESTERN ASIA,2022,72.3,906
Turkey,WESTERN ASIA,2023,64.3,1029
Turkey,WESTERN ASIA,2024,50,1100
Ukraine,EASTERN EUROPE,2012,0.568727972,145.757
Ukraine,EASTERN EUROPE,2013,-0.238948626,160.619
Ukraine,EASTERN EUROPE,2014,12.07185629,175.949
Ukraine,EASTERN EUROPE,2015,48.69986464,90.138
Ukraine,EASTERN EUROPE,2016,13.9127102,93.812
Ukraine,EASTERN EUROPE,2017,14.43832275,104.307
Ukraine,EASTERN EUROPE,2018,10.95185594,115.455
Ukraine,EASTERN EUROPE,2019,7.886717456,125.991
Ukraine,EASTERN EUROPE,2020,2.732492094,137.856
Ukraine,EASTERN EUROPE,2021,9.363139177,181.038
Ukraine,EASTERN EUROPE,2022,20.6,161
Ukraine,EASTERN EUROPE,2023,12,156
Ukraine,EASTERN EUROPE,2024,8,170
Uganda,SUB-SAHARAN AFRICA,2012,12.67903772,19.648
Uganda,SUB-SAHARAN AFRICA,2013,4.905208757,21.451
Uganda,SUB-SAHARAN AFRICA,2014,3.07570669,22.991
Uganda,SUB-SAHARAN AFRICA,2015,5.589686063,24.943
Uganda,SUB-SAHARAN AFRICA,2016,5.706375046,26.631
Uganda,SUB-SAHARAN AFRICA,2017,5.209717059,29.258
Uganda,SUB-SAHARAN AFRICA,2018,2.61601191,31.577
Uganda,SUB-SAHARAN AFRICA,2019,2.867588034,34.188
Uganda,SUB-SAHARAN AFRICA,2020,3.313322895,37.688
Uganda,SUB-SAHARAN AFRICA,2021,2.204572048,43.243
Uganda,SUB-SAHARAN AFRICA,2022,7.4,45
Uganda,SUB-SAHARAN AFRICA,2023,6,48
Uganda,SUB-SAHARAN AFRICA,2024,5,51
Uruguay,LATIN AMERICA AND THE CARIBBEAN,2012,8.097765806,47.355
Uruguay,LATIN AMERICA AND THE CARIBBEAN,2013,8.57513504,54.388
Uruguay,LATIN AMERICA AND THE CARIBBEAN,2014,8.877353332,63.167
Uruguay,LATIN AMERICA AND THE CARIBBEAN,2015,8.666269871,54.968
Uruguay,LATIN AMERICA AND THE CARIBBEAN,2016,9.639413476,57.151
Uruguay,LATIN AMERICA AND THE CARIBBEAN,2017,6.218093826,59.943
Uruguay,LATIN AMERICA AND THE CARIBBEAN,2018,7.606533604,63.134
Uruguay,LATIN AMERICA AND THE CARIBBEAN,2019,7.881988709,66.532
Uruguay,LATIN AMERICA AND THE CARIBBEAN,2020,9.756406361,70.107
Uruguay,LATIN AMERICA AND THE CARIBBEAN,2021,7.747914023,60.108
Uruguay,LATIN AMERICA AND THE CARIBBEAN,2022,9.1,71
Uruguay,LATIN AMERICA AND THE CARIBBEAN,2023,7.5,75
Uruguay,LATIN AMERICA AND THE CARIBBEAN,2024,6,78
Uzbekistan,CENTRAL ASIA,2012,13.20880267,44.892
Uzbekistan,CENTRAL ASIA,2013,11.84143336,51.125
Uzbekistan,CENTRAL ASIA,2014,9.283093562,58.224
Uzbekistan,CENTRAL ASIA,2015,8.751881967,65.953
Uzbekistan,CENTRAL ASIA,2016,8.130886695,68.699
Uzbekistan,CENTRAL ASIA,2017,13.87574254,73.457
Uzbekistan,CENTRAL ASIA,2018,17.52417965,78.31
Uzbekistan,CENTRAL ASIA,2019,14.52573596,83.478
Uzbekistan,CENTRAL ASIA,2020,12.86772974,88.986
Uzbekistan,CENTRAL ASIA,2021,10.84923975,65.503
Uzbekistan,CENTRAL ASIA,2022,12.3,80
Uzbekistan,CENTRAL ASIA,2023,10,85
Uzbekistan,CENTRAL ASIA,2024,8,90
Vanuatu,MELANESIA,2012,1.347403629,0.692
Vanuatu,MELANESIA,2013,1.458933718,0.747
Vanuatu,MELANESIA,2014,0.798863838,0.804
Vanuatu,MELANESIA,2015,2.483268757,0.771
Vanuatu,MELANESIA,2016,0.842069084,0.832
Vanuatu,MELANESIA,2017,3.084526244,0.891
Vanuatu,MELANESIA,2018,2.330963796,0.949
Vanuatu,MELANESIA,2019,2.762520194,1.002
Vanuatu,MELANESIA,2020,5.329350731,1.057
Vanuatu,MELANESIA,2021,2.343283582,0.999
Vanuatu,MELANESIA,2022,5,1
Vanuatu,MELANESIA,2023,4,1.1
Vanuatu,MELANESIA,2024,3.5,1.2
Venezuela,LATIN AMERICA AND THE CARIBBEAN,2012,21.06899563,394.106
Venezuela,LATIN AMERICA AND THE CARIBBEAN,2013,40.63942752,403.123
Venezuela,LATIN AMERICA AND THE CARIBBEAN,2014,62.16864998,409.562
Venezuela,LATIN AMERICA AND THE CARIBBEAN,2015,121.7380853,131.855
Venezuela,LATIN AMERICA AND THE CARIBBEAN,2016,254.9485348,133.534
Venezuela,LATIN AMERICA AND THE CARIBBEAN,2017,0,144.227
Venezuela,LATIN AMERICA AND THE CARIBBEAN,2018,0,155.096
Venezuela,LATIN AMERICA AND THE CARIBBEAN,2019,0,170.41
Venezuela,LATIN AMERICA AND THE CARIBBEAN,2020,0,184.364
Venezuela,LATIN AMERICA AND THE CARIBBEAN,2021,0,44.893
Venezuela,LATIN AMERICA AND THE CARIBBEAN,2022,234,111
Venezuela,LATIN AMERICA AND THE CARIBBEAN,2023,200,116
Venezuela,LATIN AMERICA AND THE CARIBBEAN,2024,180,120
Vietnam,SOUTH-EASTERN ASIA,2012,9.094703396,123.505
Vietnam,SOUTH-EASTERN ASIA,2013,6.592674759,135.729
Vietnam,SOUTH-EASTERN ASIA,2014,4.084554466,148.914
Vietnam,SOUTH-EASTERN ASIA,2015,0.631200905,198.805
Vietnam,SOUTH-EASTERN ASIA,2016,2.66824817,214.75
Vietnam,SOUTH-EASTERN ASIA,2017,3.520256888,229.845
Vietnam,SOUTH-EASTERN ASIA,2018,3.539628059,247.415
Vietnam,SOUTH-EASTERN ASIA,2019,2.795823675,265.987
Vietnam,SOUTH-EASTERN ASIA,2020,3.220934367,287.257
Vietnam,SOUTH-EASTERN ASIA,2021,1.834715548,368.002
Vietnam,SOUTH-EASTERN ASIA,2022,3.2,409
Vietnam,SOUTH-EASTERN ASIA,2023,3.5,433
Vietnam,SOUTH-EASTERN ASIA,2024,3,460
Zambia,SUB-SAHARAN AFRICA,2012,6.575899708,20.208
Zambia,SUB-SAHARAN AFRICA,2013,6.977676055,21.829
Zambia,SUB-SAHARAN AFRICA,2014,7.806875536,23.613
Zambia,SUB-SAHARAN AFRICA,2015,10.11059289,24.466
Zambia,SUB-SAHARAN AFRICA,2016,17.86973008,25.158
Zambia,SUB-SAHARAN AFRICA,2017,6.577311542,27.17
Zambia,SUB-SAHARAN AFRICA,2018,7.494571927,29.911
Zambia,SUB-SAHARAN AFRICA,2019,9.150316443,32.957
Zambia,SUB-SAHARAN AFRICA,2020,15.73306047,36.316
Zambia,SUB-SAHARAN AFRICA,2021,22.02076762,21.699
Zambia,SUB-SAHARAN AFRICA,2022,9.9,29
Zambia,SUB-SAHARAN AFRICA,2023,8,31
Zambia,SUB-SAHARAN AFRICA,2024,7,33
Zimbabwe,SUB-SAHARAN AFRICA,2012,3.725326661,5.528
Zimbabwe,SUB-SAHARAN AFRICA,2013,1.634950415,6.214
Zimbabwe,SUB-SAHARAN AFRICA,2014,-0.19778481,6.851
Zimbabwe,SUB-SAHARAN AFRICA,2015,-2.430968424,13.905
Zimbabwe,SUB-SAHARAN AFRICA,2016,-1.543669601,14.292
Zimbabwe,SUB-SAHARAN AFRICA,2017,0.893962316,14.994
Zimbabwe,SUB-SAHARAN AFRICA,2018,10.61886587,15.736
Zimbabwe,SUB-SAHARAN AFRICA,2019,255.3049908,16.609
Zimbabwe,SUB-SAHARAN AFRICA,2020,557.2018174,17.529
Zimbabwe,SUB-SAHARAN AFRICA,2021,98.54610509,25.791
Zimbabwe,SUB-SAHARAN AFRICA,2022,244,28
Zimbabwe,SUB-SAHARAN AFRICA,2023,175,30
Zimbabwe,SUB-SAHARAN AFRICA,2024,100,32